<application>
  <component name="AndroidLogcatFilterHistory">
    <option name="favorites">
      <list>
        <option value="package:com.sflep.course" />
        <option value="package:com.sflep.course level:debug tag:fdd" />
        <option value="package:com.sflep.course level:debug " />
      </list>
    </option>
    <option name="mostRecentlyUsed" value="package:com.hc.myapplication" />
    <option name="nonFavorites">
      <list>
        <option value="package:com.hc.myapplication" />
        <option value="package:com.hc.myapplication tag:fdd" />
        <option value="package:mine tag:fdd" />
        <option value="package:mine" />
        <option value="package:mine tag:DispatcherTask" />
        <option value="package:mine tag:delayInitDispatcher" />
        <option value="package:mine " />
        <option value="Displayed" />
        <option value="package~:com" />
        <option value="package:com.sflep.course level:debug" />
        <option value="com.sflep.course" />
      </list>
    </option>
  </component>
</application>