<application>
  <component name="com.intellij.ide.ui.customization.CustomActionsSchema">
    <group seperator="true" action_type="-1" position="2">
      <path value="root" />
      <path value="Main Toolbar" />
      <path value="Translation Toolbar Actions" />
      <option name="myInitialPosition" value="-1" />
    </group>
    <group seperator="true" action_type="-1" position="0">
      <path value="root" />
      <path value="Main Toolbar" />
      <path value="Translation Toolbar Actions" />
      <option name="myInitialPosition" value="-1" />
    </group>
    <group value="CleanGradleProject" is_action="true" action_type="1" position="2">
      <path value="root" />
      <path value="Main Toolbar" />
      <path value="Toolbar Run Actions" />
      <option name="myInitialPosition" value="-1" />
    </group>
    <group seperator="true" action_type="1" position="15">
      <path value="root" />
      <path value="Main Toolbar" />
      <option name="myInitialPosition" value="-1" />
    </group>
    <group value="flutter.androidstudio.open" is_action="true" action_type="1" position="16">
      <path value="root" />
      <path value="Main Toolbar" />
      <option name="myInitialPosition" value="-1" />
    </group>
    <group value="flutter.pub.get" is_action="true" action_type="1" position="17">
      <path value="root" />
      <path value="Main Toolbar" />
      <option name="myInitialPosition" value="-1" />
    </group>
    <group value="flutter.pub.upgrade" is_action="true" action_type="1" position="18">
      <path value="root" />
      <path value="Main Toolbar" />
      <option name="myInitialPosition" value="-1" />
    </group>
    <group value="flutter.clean" is_action="true" action_type="1" position="19">
      <path value="root" />
      <path value="Main Toolbar" />
      <option name="myInitialPosition" value="-1" />
    </group>
    <group seperator="true" action_type="1" position="20">
      <path value="root" />
      <path value="Main Toolbar" />
      <option name="myInitialPosition" value="-1" />
    </group>
    <group seperator="true" action_type="1" position="23">
      <path value="root" />
      <path value="Main Toolbar" />
      <option name="myInitialPosition" value="-1" />
    </group>
    <group seperator="true" action_type="1" position="26">
      <path value="root" />
      <path value="Main Toolbar" />
      <option name="myInitialPosition" value="-1" />
    </group>
    <group seperator="true" action_type="1" position="28">
      <path value="root" />
      <path value="Main Toolbar" />
      <option name="myInitialPosition" value="-1" />
    </group>
    <group value="com.developerphil.adbidea.action.ClearDataAndRestartAction" is_action="true" action_type="1" position="29">
      <path value="root" />
      <path value="Main Toolbar" />
      <option name="myInitialPosition" value="-1" />
    </group>
    <group value="com.developerphil.adbidea.action.ClearDataAction" is_action="true" action_type="1" position="30">
      <path value="root" />
      <path value="Main Toolbar" />
      <option name="myInitialPosition" value="-1" />
    </group>
    <group value="com.developerphil.adbidea.action.RestartAction" is_action="true" action_type="1" position="31">
      <path value="root" />
      <path value="Main Toolbar" />
      <option name="myInitialPosition" value="-1" />
    </group>
    <group value="com.developerphil.adbidea.action.UninstallAction" is_action="true" action_type="1" position="32">
      <path value="root" />
      <path value="Main Toolbar" />
      <option name="myInitialPosition" value="-1" />
    </group>
    <group value="com.developerphil.adbidea.action.KillAction" is_action="true" action_type="1" position="33">
      <path value="root" />
      <path value="Main Toolbar" />
      <option name="myInitialPosition" value="-1" />
    </group>
    <action id="flutter.clean" icon="D:/software/ChromeCrx/nuclear explosion.png" />
    <action id="com.developerphil.adbidea.action.KillAction" icon="D:/AndroidStudioPlugin/icon/adm_power.svg" />
    <action id="com.developerphil.adbidea.action.ClearDataAndRestartAction" icon="D:/AndroidStudioPlugin/icon/adm_refresh.svg" />
    <action id="com.developerphil.adbidea.action.UninstallAction" icon="D:/AndroidStudioPlugin/icon/amd_close-small.svg" />
    <action id="flutter.pub.upgrade" icon="D:/software/ChromeCrx/constant_updates.png" />
    <action id="com.developerphil.adbidea.action.RestartAction" icon="D:/AndroidStudioPlugin/icon/adm_reloading.svg" />
    <action id="flutter.pub.get" icon="D:/software/ChromeCrx/dart.png" />
    <action id="flutter.androidstudio.open" icon="D:/software/ChromeCrx/Android Phone.png" />
    <action id="com.developerphil.adbidea.action.ClearDataAction" icon="D:/AndroidStudioPlugin/icon/adm_redo.svg" />
  </component>
</application>