<application>
  <component name="FileTypeManager" version="18">
    <extensionMap>
      <mapping pattern="readme" type="AUTO_DETECTED" />
      <mapping pattern="auto_bug_report_bean" type="AUTO_DETECTED" />
      <mapping ext="keystore" type="IgnoreLang file" />
      <mapping pattern="podcast_test" type="JSON" />
      <mapping pattern="podcast_test_json" type="JSON" />
      <mapping ext="gradle.kts" type="Kotlin" />
      <mapping ext="main.kts" type="Kotlin" />
      <mapping ext="db" type="Native" />
      <mapping pattern="12345678" type="PLAIN_TEXT" />
      <mapping pattern="1" type="PLAIN_TEXT" />
      <mapping ext="so" type="PLAIN_TEXT" />
      <mapping ext="bin" type="PLAIN_TEXT" />
      <mapping ext="text" type="PLAIN_TEXT" />
      <mapping pattern="test_database" type="SQL" />
      <removed_mapping ext="apk" approved="true" type="ARCHIVE" />
      <removed_mapping ext="bat" approved="true" type="Bat" />
      <removed_mapping ext="cmd" approved="true" type="Cmd" />
      <removed_mapping ext="pro" approved="true" type="DeviceSpecFile" />
      <removed_mapping ext="psd" approved="true" type="Image" />
      <mapping pattern="test_database" type="SQL" />
    </extensionMap>
  </component>
</application>