<application>
  <component name="GeneralSettings">
    <option name="confirmExit" value="false" />
    <option name="confirmOpenNewProject2" value="0" />
    <option name="processCloseConfirmation" value="DISCONNECT" />
    <option name="reopenLastProject" value="false" />
    <option name="showTipsOnStartup" value="false" />
  </component>
  <component name="Registry">
    <entry key="async.project.view.collapse.tree.path.recursively" value="false" />
    <entry key="ide.balloon.shadow.size" value="0" />
    <entry key="ide.tree.ui.experimental" value="false" />
    <entry key="documentation.show.toolbar" value="true" />
    <entry key="external.system.auto.import.disabled" value="true" />
    <entry key="ide.text.editor.with.preview.show.floating.toolbar" value="false" />
  </component>
  <component name="StatusBar">
    <option name="widgets">
      <map>
        <entry key="Memory" value="true" />
        <entry key="UserSentimentPanelNegative" value="false" />
        <entry key="UserSentimentPanelPositive" value="false" />
      </map>
    </option>
  </component>
</application>