<application>
  <component name="ProjectJdkTable">
    <jdk version="2">
      <name value="1.8" />
      <type value="JavaSDK" />
      <version value="Oracle OpenJDK version 1.8.0_251" />
      <homePath value="D:/JDK" />
      <roots>
        <annotationsPath>
          <root type="composite">
            <root url="jar://$APPLICATION_HOME_DIR$/plugins/java/lib/jdkAnnotations.jar!/" type="simple" />
          </root>
        </annotationsPath>
        <classPath>
          <root type="composite">
            <root url="jar://D:/JDK/jre/lib/charsets.jar!/" type="simple" />
            <root url="jar://D:/JDK/jre/lib/deploy.jar!/" type="simple" />
            <root url="jar://D:/JDK/jre/lib/ext/access-bridge-64.jar!/" type="simple" />
            <root url="jar://D:/JDK/jre/lib/ext/cldrdata.jar!/" type="simple" />
            <root url="jar://D:/JDK/jre/lib/ext/dnsns.jar!/" type="simple" />
            <root url="jar://D:/JDK/jre/lib/ext/jaccess.jar!/" type="simple" />
            <root url="jar://D:/JDK/jre/lib/ext/jfxrt.jar!/" type="simple" />
            <root url="jar://D:/JDK/jre/lib/ext/localedata.jar!/" type="simple" />
            <root url="jar://D:/JDK/jre/lib/ext/nashorn.jar!/" type="simple" />
            <root url="jar://D:/JDK/jre/lib/ext/sunec.jar!/" type="simple" />
            <root url="jar://D:/JDK/jre/lib/ext/sunjce_provider.jar!/" type="simple" />
            <root url="jar://D:/JDK/jre/lib/ext/sunmscapi.jar!/" type="simple" />
            <root url="jar://D:/JDK/jre/lib/ext/sunpkcs11.jar!/" type="simple" />
            <root url="jar://D:/JDK/jre/lib/ext/zipfs.jar!/" type="simple" />
            <root url="jar://D:/JDK/jre/lib/javaws.jar!/" type="simple" />
            <root url="jar://D:/JDK/jre/lib/jce.jar!/" type="simple" />
            <root url="jar://D:/JDK/jre/lib/jfr.jar!/" type="simple" />
            <root url="jar://D:/JDK/jre/lib/jfxswt.jar!/" type="simple" />
            <root url="jar://D:/JDK/jre/lib/jsse.jar!/" type="simple" />
            <root url="jar://D:/JDK/jre/lib/management-agent.jar!/" type="simple" />
            <root url="jar://D:/JDK/jre/lib/plugin.jar!/" type="simple" />
            <root url="jar://D:/JDK/jre/lib/resources.jar!/" type="simple" />
            <root url="jar://D:/JDK/jre/lib/rt.jar!/" type="simple" />
          </root>
        </classPath>
        <javadocPath>
          <root type="composite" />
        </javadocPath>
        <sourcePath>
          <root type="composite">
            <root url="jar://D:/JDK/src.zip!/" type="simple" />
            <root url="jar://D:/JDK/javafx-src.zip!/" type="simple" />
          </root>
        </sourcePath>
      </roots>
      <additional />
    </jdk>
    <jdk version="2">
      <name value="Android API 26 Platform" />
      <type value="Android SDK" />
      <version value="java version &quot;1.8.0_242&quot;" />
      <homePath value="D:/AndroidSDK" />
      <roots>
        <annotationsPath>
          <root type="composite">
            <root url="jar://$APPLICATION_HOME_DIR$/plugins/android/lib/androidAnnotations.jar!/" type="simple" />
          </root>
        </annotationsPath>
        <classPath>
          <root type="composite">
            <root url="jar://D:/AndroidSDK/platforms/android-26/android.jar!/" type="simple" />
            <root url="file://D:/AndroidSDK/platforms/android-26/data/res" type="simple" />
          </root>
        </classPath>
        <javadocPath>
          <root type="composite" />
        </javadocPath>
        <sourcePath>
          <root type="composite">
            <root url="file://D:/AndroidSDK/sources/android-26" type="simple" />
          </root>
        </sourcePath>
      </roots>
      <additional jdk="1.8" sdk="android-26" />
    </jdk>
    <jdk version="2">
      <name value="Android API 28 Platform" />
      <type value="Android SDK" />
      <version value="java version &quot;1.8.0_242&quot;" />
      <homePath value="D:/AndroidSDK" />
      <roots>
        <annotationsPath>
          <root type="composite">
            <root url="jar://D:/AndroidSDK/platforms/android-28/data/annotations.zip!/" type="simple" />
          </root>
        </annotationsPath>
        <classPath>
          <root type="composite">
            <root url="jar://D:/AndroidSDK/platforms/android-28/android.jar!/" type="simple" />
            <root url="file://D:/AndroidSDK/platforms/android-28/data/res" type="simple" />
          </root>
        </classPath>
        <javadocPath>
          <root type="composite" />
        </javadocPath>
        <sourcePath>
          <root type="composite">
            <root url="file://D:/AndroidSDK/sources/android-28" type="simple" />
          </root>
        </sourcePath>
      </roots>
      <additional jdk="1.8" sdk="android-28" />
    </jdk>
    <jdk version="2">
      <name value="Android API 29 Platform" />
      <type value="Android SDK" />
      <version value="java version &quot;1.8.0_242&quot;" />
      <homePath value="D:/AndroidSDK" />
      <roots>
        <annotationsPath>
          <root type="composite">
            <root url="jar://D:/AndroidSDK/platforms/android-29/data/annotations.zip!/" type="simple" />
          </root>
        </annotationsPath>
        <classPath>
          <root type="composite">
            <root url="jar://D:/AndroidSDK/platforms/android-29/android.jar!/" type="simple" />
            <root url="file://D:/AndroidSDK/platforms/android-29/data/res" type="simple" />
          </root>
        </classPath>
        <javadocPath>
          <root type="composite" />
        </javadocPath>
        <sourcePath>
          <root type="composite">
            <root url="file://D:/AndroidSDK/sources/android-29" type="simple" />
          </root>
        </sourcePath>
      </roots>
      <additional jdk="1.8" sdk="android-29" />
    </jdk>
    <jdk version="2">
      <name value="Android API 30 Platform" />
      <type value="Android SDK" />
      <version value="java version &quot;1.8.0_242&quot;" />
      <homePath value="D:/AndroidSDK" />
      <roots>
        <annotationsPath>
          <root type="composite">
            <root url="jar://D:/AndroidSDK/platforms/android-30/data/annotations.zip!/" type="simple" />
          </root>
        </annotationsPath>
        <classPath>
          <root type="composite">
            <root url="jar://D:/AndroidSDK/platforms/android-30/android.jar!/" type="simple" />
            <root url="file://D:/AndroidSDK/platforms/android-30/data/res" type="simple" />
          </root>
        </classPath>
        <javadocPath>
          <root type="composite" />
        </javadocPath>
        <sourcePath>
          <root type="composite">
            <root url="file://D:/AndroidSDK/sources/android-30" type="simple" />
          </root>
        </sourcePath>
      </roots>
      <additional jdk="1.8" sdk="android-30" />
    </jdk>
    <jdk version="2">
      <name value="1.8 (2)" />
      <type value="JavaSDK" />
      <version value="Oracle OpenJDK version 1.8.0_251" />
      <homePath value="D:/JDK" />
      <roots>
        <annotationsPath>
          <root type="composite">
            <root url="jar://$APPLICATION_HOME_DIR$/plugins/java/lib/jdkAnnotations.jar!/" type="simple" />
          </root>
        </annotationsPath>
        <classPath>
          <root type="composite">
            <root url="jar://D:/JDK/jre/lib/charsets.jar!/" type="simple" />
            <root url="jar://D:/JDK/jre/lib/deploy.jar!/" type="simple" />
            <root url="jar://D:/JDK/jre/lib/ext/access-bridge-64.jar!/" type="simple" />
            <root url="jar://D:/JDK/jre/lib/ext/cldrdata.jar!/" type="simple" />
            <root url="jar://D:/JDK/jre/lib/ext/dnsns.jar!/" type="simple" />
            <root url="jar://D:/JDK/jre/lib/ext/jaccess.jar!/" type="simple" />
            <root url="jar://D:/JDK/jre/lib/ext/jfxrt.jar!/" type="simple" />
            <root url="jar://D:/JDK/jre/lib/ext/localedata.jar!/" type="simple" />
            <root url="jar://D:/JDK/jre/lib/ext/nashorn.jar!/" type="simple" />
            <root url="jar://D:/JDK/jre/lib/ext/sunec.jar!/" type="simple" />
            <root url="jar://D:/JDK/jre/lib/ext/sunjce_provider.jar!/" type="simple" />
            <root url="jar://D:/JDK/jre/lib/ext/sunmscapi.jar!/" type="simple" />
            <root url="jar://D:/JDK/jre/lib/ext/sunpkcs11.jar!/" type="simple" />
            <root url="jar://D:/JDK/jre/lib/ext/zipfs.jar!/" type="simple" />
            <root url="jar://D:/JDK/jre/lib/javaws.jar!/" type="simple" />
            <root url="jar://D:/JDK/jre/lib/jce.jar!/" type="simple" />
            <root url="jar://D:/JDK/jre/lib/jfr.jar!/" type="simple" />
            <root url="jar://D:/JDK/jre/lib/jfxswt.jar!/" type="simple" />
            <root url="jar://D:/JDK/jre/lib/jsse.jar!/" type="simple" />
            <root url="jar://D:/JDK/jre/lib/management-agent.jar!/" type="simple" />
            <root url="jar://D:/JDK/jre/lib/plugin.jar!/" type="simple" />
            <root url="jar://D:/JDK/jre/lib/resources.jar!/" type="simple" />
            <root url="jar://D:/JDK/jre/lib/rt.jar!/" type="simple" />
          </root>
        </classPath>
        <javadocPath>
          <root type="composite" />
        </javadocPath>
        <sourcePath>
          <root type="composite">
            <root url="jar://D:/JDK/src.zip!/" type="simple" />
            <root url="jar://D:/JDK/javafx-src.zip!/" type="simple" />
          </root>
        </sourcePath>
      </roots>
      <additional />
    </jdk>
    <jdk version="2">
      <name value="Android API 27 Platform" />
      <type value="Android SDK" />
      <version value="java version &quot;1.8.0_242&quot;" />
      <homePath value="D:/AndroidSDK" />
      <roots>
        <annotationsPath>
          <root type="composite">
            <root url="jar://$APPLICATION_HOME_DIR$/plugins/android/lib/androidAnnotations.jar!/" type="simple" />
          </root>
        </annotationsPath>
        <classPath>
          <root type="composite">
            <root url="jar://D:/AndroidSDK/platforms/android-27/android.jar!/" type="simple" />
            <root url="file://D:/AndroidSDK/platforms/android-27/data/res" type="simple" />
          </root>
        </classPath>
        <javadocPath>
          <root type="composite" />
        </javadocPath>
        <sourcePath>
          <root type="composite">
            <root url="file://D:/AndroidSDK/sources/android-27" type="simple" />
          </root>
        </sourcePath>
      </roots>
      <additional jdk="1.8" sdk="android-27" />
    </jdk>
    <jdk version="2">
      <name value="11" />
      <type value="JavaSDK" />
      <version value="version 11.0.13" />
      <homePath value="$APPLICATION_HOME_DIR$/jre" />
      <roots>
        <annotationsPath>
          <root type="composite">
            <root url="jar://$APPLICATION_HOME_DIR$/plugins/java/lib/jdkAnnotations.jar!/" type="simple" />
          </root>
        </annotationsPath>
        <classPath>
          <root type="composite">
            <root url="jrt://D:/dev/jre!/java.base" type="simple" />
            <root url="jrt://D:/dev/jre!/java.compiler" type="simple" />
            <root url="jrt://D:/dev/jre!/java.datatransfer" type="simple" />
            <root url="jrt://D:/dev/jre!/java.desktop" type="simple" />
            <root url="jrt://D:/dev/jre!/java.instrument" type="simple" />
            <root url="jrt://D:/dev/jre!/java.logging" type="simple" />
            <root url="jrt://D:/dev/jre!/java.management" type="simple" />
            <root url="jrt://D:/dev/jre!/java.management.rmi" type="simple" />
            <root url="jrt://D:/dev/jre!/java.naming" type="simple" />
            <root url="jrt://D:/dev/jre!/java.net.http" type="simple" />
            <root url="jrt://D:/dev/jre!/java.prefs" type="simple" />
            <root url="jrt://D:/dev/jre!/java.rmi" type="simple" />
            <root url="jrt://D:/dev/jre!/java.scripting" type="simple" />
            <root url="jrt://D:/dev/jre!/java.se" type="simple" />
            <root url="jrt://D:/dev/jre!/java.security.jgss" type="simple" />
            <root url="jrt://D:/dev/jre!/java.security.sasl" type="simple" />
            <root url="jrt://D:/dev/jre!/java.smartcardio" type="simple" />
            <root url="jrt://D:/dev/jre!/java.sql" type="simple" />
            <root url="jrt://D:/dev/jre!/java.sql.rowset" type="simple" />
            <root url="jrt://D:/dev/jre!/java.transaction.xa" type="simple" />
            <root url="jrt://D:/dev/jre!/java.xml" type="simple" />
            <root url="jrt://D:/dev/jre!/java.xml.crypto" type="simple" />
            <root url="jrt://D:/dev/jre!/jdk.accessibility" type="simple" />
            <root url="jrt://D:/dev/jre!/jdk.aot" type="simple" />
            <root url="jrt://D:/dev/jre!/jdk.attach" type="simple" />
            <root url="jrt://D:/dev/jre!/jdk.charsets" type="simple" />
            <root url="jrt://D:/dev/jre!/jdk.compiler" type="simple" />
            <root url="jrt://D:/dev/jre!/jdk.crypto.cryptoki" type="simple" />
            <root url="jrt://D:/dev/jre!/jdk.crypto.ec" type="simple" />
            <root url="jrt://D:/dev/jre!/jdk.dynalink" type="simple" />
            <root url="jrt://D:/dev/jre!/jdk.hotspot.agent" type="simple" />
            <root url="jrt://D:/dev/jre!/jdk.httpserver" type="simple" />
            <root url="jrt://D:/dev/jre!/jdk.internal.ed" type="simple" />
            <root url="jrt://D:/dev/jre!/jdk.internal.jvmstat" type="simple" />
            <root url="jrt://D:/dev/jre!/jdk.internal.le" type="simple" />
            <root url="jrt://D:/dev/jre!/jdk.internal.opt" type="simple" />
            <root url="jrt://D:/dev/jre!/jdk.internal.vm.ci" type="simple" />
            <root url="jrt://D:/dev/jre!/jdk.internal.vm.compiler" type="simple" />
            <root url="jrt://D:/dev/jre!/jdk.internal.vm.compiler.management" type="simple" />
            <root url="jrt://D:/dev/jre!/jdk.jartool" type="simple" />
            <root url="jrt://D:/dev/jre!/jdk.javadoc" type="simple" />
            <root url="jrt://D:/dev/jre!/jdk.jdeps" type="simple" />
            <root url="jrt://D:/dev/jre!/jdk.jdi" type="simple" />
            <root url="jrt://D:/dev/jre!/jdk.jdwp.agent" type="simple" />
            <root url="jrt://D:/dev/jre!/jdk.jfr" type="simple" />
            <root url="jrt://D:/dev/jre!/jdk.jlink" type="simple" />
            <root url="jrt://D:/dev/jre!/jdk.jsobject" type="simple" />
            <root url="jrt://D:/dev/jre!/jdk.localedata" type="simple" />
            <root url="jrt://D:/dev/jre!/jdk.management" type="simple" />
            <root url="jrt://D:/dev/jre!/jdk.management.agent" type="simple" />
            <root url="jrt://D:/dev/jre!/jdk.management.jfr" type="simple" />
            <root url="jrt://D:/dev/jre!/jdk.naming.dns" type="simple" />
            <root url="jrt://D:/dev/jre!/jdk.naming.rmi" type="simple" />
            <root url="jrt://D:/dev/jre!/jdk.net" type="simple" />
            <root url="jrt://D:/dev/jre!/jdk.pack" type="simple" />
            <root url="jrt://D:/dev/jre!/jdk.scripting.nashorn" type="simple" />
            <root url="jrt://D:/dev/jre!/jdk.scripting.nashorn.shell" type="simple" />
            <root url="jrt://D:/dev/jre!/jdk.sctp" type="simple" />
            <root url="jrt://D:/dev/jre!/jdk.security.auth" type="simple" />
            <root url="jrt://D:/dev/jre!/jdk.security.jgss" type="simple" />
            <root url="jrt://D:/dev/jre!/jdk.unsupported" type="simple" />
            <root url="jrt://D:/dev/jre!/jdk.xml.dom" type="simple" />
            <root url="jrt://D:/dev/jre!/jdk.zipfs" type="simple" />
          </root>
        </classPath>
        <javadocPath>
          <root type="composite" />
        </javadocPath>
        <sourcePath>
          <root type="composite" />
        </sourcePath>
      </roots>
      <additional />
    </jdk>
    <jdk version="2">
      <name value="Kotlin SDK" />
      <type value="KotlinSDK" />
      <version value="1.5.21-release-328" />
      <homePath value="C:\Users\furuoxuan\AppData\Roaming\Google\AndroidStudio2020.3\plugins\Kotlin\kotlinc" />
      <roots>
        <annotationsPath>
          <root type="composite" />
        </annotationsPath>
        <classPath>
          <root type="composite" />
        </classPath>
        <javadocPath>
          <root type="composite" />
        </javadocPath>
        <sourcePath>
          <root type="composite" />
        </sourcePath>
      </roots>
      <additional />
    </jdk>
    <jdk version="2">
      <name value="Embedded JDK" />
      <type value="JavaSDK" />
      <version value="version 11.0.13" />
      <homePath value="$APPLICATION_HOME_DIR$/jre" />
      <roots>
        <annotationsPath>
          <root type="composite">
            <root url="jar://$APPLICATION_HOME_DIR$/plugins/java/lib/jdkAnnotations.jar!/" type="simple" />
          </root>
        </annotationsPath>
        <classPath>
          <root type="composite">
            <root url="jrt://D:/dev/jre!/java.base" type="simple" />
            <root url="jrt://D:/dev/jre!/java.compiler" type="simple" />
            <root url="jrt://D:/dev/jre!/java.datatransfer" type="simple" />
            <root url="jrt://D:/dev/jre!/java.desktop" type="simple" />
            <root url="jrt://D:/dev/jre!/java.instrument" type="simple" />
            <root url="jrt://D:/dev/jre!/java.logging" type="simple" />
            <root url="jrt://D:/dev/jre!/java.management" type="simple" />
            <root url="jrt://D:/dev/jre!/java.management.rmi" type="simple" />
            <root url="jrt://D:/dev/jre!/java.naming" type="simple" />
            <root url="jrt://D:/dev/jre!/java.net.http" type="simple" />
            <root url="jrt://D:/dev/jre!/java.prefs" type="simple" />
            <root url="jrt://D:/dev/jre!/java.rmi" type="simple" />
            <root url="jrt://D:/dev/jre!/java.scripting" type="simple" />
            <root url="jrt://D:/dev/jre!/java.se" type="simple" />
            <root url="jrt://D:/dev/jre!/java.security.jgss" type="simple" />
            <root url="jrt://D:/dev/jre!/java.security.sasl" type="simple" />
            <root url="jrt://D:/dev/jre!/java.smartcardio" type="simple" />
            <root url="jrt://D:/dev/jre!/java.sql" type="simple" />
            <root url="jrt://D:/dev/jre!/java.sql.rowset" type="simple" />
            <root url="jrt://D:/dev/jre!/java.transaction.xa" type="simple" />
            <root url="jrt://D:/dev/jre!/java.xml" type="simple" />
            <root url="jrt://D:/dev/jre!/java.xml.crypto" type="simple" />
            <root url="jrt://D:/dev/jre!/jdk.accessibility" type="simple" />
            <root url="jrt://D:/dev/jre!/jdk.aot" type="simple" />
            <root url="jrt://D:/dev/jre!/jdk.attach" type="simple" />
            <root url="jrt://D:/dev/jre!/jdk.charsets" type="simple" />
            <root url="jrt://D:/dev/jre!/jdk.compiler" type="simple" />
            <root url="jrt://D:/dev/jre!/jdk.crypto.cryptoki" type="simple" />
            <root url="jrt://D:/dev/jre!/jdk.crypto.ec" type="simple" />
            <root url="jrt://D:/dev/jre!/jdk.dynalink" type="simple" />
            <root url="jrt://D:/dev/jre!/jdk.hotspot.agent" type="simple" />
            <root url="jrt://D:/dev/jre!/jdk.httpserver" type="simple" />
            <root url="jrt://D:/dev/jre!/jdk.internal.ed" type="simple" />
            <root url="jrt://D:/dev/jre!/jdk.internal.jvmstat" type="simple" />
            <root url="jrt://D:/dev/jre!/jdk.internal.le" type="simple" />
            <root url="jrt://D:/dev/jre!/jdk.internal.opt" type="simple" />
            <root url="jrt://D:/dev/jre!/jdk.internal.vm.ci" type="simple" />
            <root url="jrt://D:/dev/jre!/jdk.internal.vm.compiler" type="simple" />
            <root url="jrt://D:/dev/jre!/jdk.internal.vm.compiler.management" type="simple" />
            <root url="jrt://D:/dev/jre!/jdk.jartool" type="simple" />
            <root url="jrt://D:/dev/jre!/jdk.javadoc" type="simple" />
            <root url="jrt://D:/dev/jre!/jdk.jdeps" type="simple" />
            <root url="jrt://D:/dev/jre!/jdk.jdi" type="simple" />
            <root url="jrt://D:/dev/jre!/jdk.jdwp.agent" type="simple" />
            <root url="jrt://D:/dev/jre!/jdk.jfr" type="simple" />
            <root url="jrt://D:/dev/jre!/jdk.jlink" type="simple" />
            <root url="jrt://D:/dev/jre!/jdk.jsobject" type="simple" />
            <root url="jrt://D:/dev/jre!/jdk.localedata" type="simple" />
            <root url="jrt://D:/dev/jre!/jdk.management" type="simple" />
            <root url="jrt://D:/dev/jre!/jdk.management.agent" type="simple" />
            <root url="jrt://D:/dev/jre!/jdk.management.jfr" type="simple" />
            <root url="jrt://D:/dev/jre!/jdk.naming.dns" type="simple" />
            <root url="jrt://D:/dev/jre!/jdk.naming.rmi" type="simple" />
            <root url="jrt://D:/dev/jre!/jdk.net" type="simple" />
            <root url="jrt://D:/dev/jre!/jdk.pack" type="simple" />
            <root url="jrt://D:/dev/jre!/jdk.scripting.nashorn" type="simple" />
            <root url="jrt://D:/dev/jre!/jdk.scripting.nashorn.shell" type="simple" />
            <root url="jrt://D:/dev/jre!/jdk.sctp" type="simple" />
            <root url="jrt://D:/dev/jre!/jdk.security.auth" type="simple" />
            <root url="jrt://D:/dev/jre!/jdk.security.jgss" type="simple" />
            <root url="jrt://D:/dev/jre!/jdk.unsupported" type="simple" />
            <root url="jrt://D:/dev/jre!/jdk.xml.dom" type="simple" />
            <root url="jrt://D:/dev/jre!/jdk.zipfs" type="simple" />
          </root>
        </classPath>
        <javadocPath>
          <root type="composite" />
        </javadocPath>
        <sourcePath>
          <root type="composite" />
        </sourcePath>
      </roots>
      <additional />
    </jdk>
    <jdk version="2">
      <name value="Android Studio java home" />
      <type value="JavaSDK" />
      <version value="Oracle OpenJDK version 1.8.0_251" />
      <homePath value="D:/JDK" />
      <roots>
        <annotationsPath>
          <root type="composite">
            <root url="jar://$APPLICATION_HOME_DIR$/plugins/java/lib/jdkAnnotations.jar!/" type="simple" />
          </root>
        </annotationsPath>
        <classPath>
          <root type="composite">
            <root url="jar://D:/JDK/jre/lib/charsets.jar!/" type="simple" />
            <root url="jar://D:/JDK/jre/lib/deploy.jar!/" type="simple" />
            <root url="jar://D:/JDK/jre/lib/ext/access-bridge-64.jar!/" type="simple" />
            <root url="jar://D:/JDK/jre/lib/ext/cldrdata.jar!/" type="simple" />
            <root url="jar://D:/JDK/jre/lib/ext/dnsns.jar!/" type="simple" />
            <root url="jar://D:/JDK/jre/lib/ext/jaccess.jar!/" type="simple" />
            <root url="jar://D:/JDK/jre/lib/ext/jfxrt.jar!/" type="simple" />
            <root url="jar://D:/JDK/jre/lib/ext/localedata.jar!/" type="simple" />
            <root url="jar://D:/JDK/jre/lib/ext/nashorn.jar!/" type="simple" />
            <root url="jar://D:/JDK/jre/lib/ext/sunec.jar!/" type="simple" />
            <root url="jar://D:/JDK/jre/lib/ext/sunjce_provider.jar!/" type="simple" />
            <root url="jar://D:/JDK/jre/lib/ext/sunmscapi.jar!/" type="simple" />
            <root url="jar://D:/JDK/jre/lib/ext/sunpkcs11.jar!/" type="simple" />
            <root url="jar://D:/JDK/jre/lib/ext/zipfs.jar!/" type="simple" />
            <root url="jar://D:/JDK/jre/lib/javaws.jar!/" type="simple" />
            <root url="jar://D:/JDK/jre/lib/jce.jar!/" type="simple" />
            <root url="jar://D:/JDK/jre/lib/jfr.jar!/" type="simple" />
            <root url="jar://D:/JDK/jre/lib/jfxswt.jar!/" type="simple" />
            <root url="jar://D:/JDK/jre/lib/jsse.jar!/" type="simple" />
            <root url="jar://D:/JDK/jre/lib/management-agent.jar!/" type="simple" />
            <root url="jar://D:/JDK/jre/lib/plugin.jar!/" type="simple" />
            <root url="jar://D:/JDK/jre/lib/resources.jar!/" type="simple" />
            <root url="jar://D:/JDK/jre/lib/rt.jar!/" type="simple" />
          </root>
        </classPath>
        <javadocPath>
          <root type="composite" />
        </javadocPath>
        <sourcePath>
          <root type="composite">
            <root url="jar://D:/JDK/src.zip!/" type="simple" />
            <root url="jar://D:/JDK/javafx-src.zip!/" type="simple" />
          </root>
        </sourcePath>
      </roots>
      <additional />
    </jdk>
    <jdk version="2">
      <name value="Android API 31 Platform" />
      <type value="Android SDK" />
      <version value="version 1.8.0_251" />
      <homePath value="D:/AndroidSDK" />
      <roots>
        <annotationsPath>
          <root type="composite">
            <root url="jar://D:/AndroidSDK/platforms/android-31/data/annotations.zip!/" type="simple" />
          </root>
        </annotationsPath>
        <classPath>
          <root type="composite">
            <root url="jar://D:/AndroidSDK/platforms/android-31/android.jar!/" type="simple" />
            <root url="file://D:/AndroidSDK/platforms/android-31/data/res" type="simple" />
          </root>
        </classPath>
        <javadocPath>
          <root type="composite" />
        </javadocPath>
        <sourcePath>
          <root type="composite">
            <root url="file://D:/AndroidSDK/sources/android-31" type="simple" />
          </root>
        </sourcePath>
      </roots>
      <additional jdk="1.8" sdk="android-31" />
    </jdk>
    <jdk version="2">
      <name value="Android API 32 Platform" />
      <type value="Android SDK" />
      <version value="version 1.8.0_251" />
      <homePath value="D:/AndroidSDK" />
      <roots>
        <annotationsPath>
          <root type="composite">
            <root url="jar://D:/AndroidSDK/platforms/android-32/data/annotations.zip!/" type="simple" />
          </root>
        </annotationsPath>
        <classPath>
          <root type="composite">
            <root url="jar://D:/AndroidSDK/platforms/android-32/android.jar!/" type="simple" />
            <root url="file://D:/AndroidSDK/platforms/android-32/data/res" type="simple" />
          </root>
        </classPath>
        <javadocPath>
          <root type="composite" />
        </javadocPath>
        <sourcePath>
          <root type="composite">
            <root url="file://D:/AndroidSDK/sources/android-32" type="simple" />
          </root>
        </sourcePath>
      </roots>
      <additional jdk="1.8" sdk="android-32" />
    </jdk>
    <jdk version="2">
      <name value="openjdk-18" />
      <type value="JavaSDK" />
      <version value="Oracle OpenJDK version 18.0.2" />
      <homePath value="$USER_HOME$/.jdks/openjdk-18.0.2" />
      <roots>
        <annotationsPath>
          <root type="composite">
            <root url="jar://$APPLICATION_HOME_DIR$/plugins/java/lib/jdkAnnotations.jar!/" type="simple" />
          </root>
        </annotationsPath>
        <classPath>
          <root type="composite">
            <root url="jrt://C:/Users/furuoxuan/.jdks/openjdk-18.0.2!/java.base" type="simple" />
            <root url="jrt://C:/Users/furuoxuan/.jdks/openjdk-18.0.2!/java.compiler" type="simple" />
            <root url="jrt://C:/Users/furuoxuan/.jdks/openjdk-18.0.2!/java.datatransfer" type="simple" />
            <root url="jrt://C:/Users/furuoxuan/.jdks/openjdk-18.0.2!/java.desktop" type="simple" />
            <root url="jrt://C:/Users/furuoxuan/.jdks/openjdk-18.0.2!/java.instrument" type="simple" />
            <root url="jrt://C:/Users/furuoxuan/.jdks/openjdk-18.0.2!/java.logging" type="simple" />
            <root url="jrt://C:/Users/furuoxuan/.jdks/openjdk-18.0.2!/java.management" type="simple" />
            <root url="jrt://C:/Users/furuoxuan/.jdks/openjdk-18.0.2!/java.management.rmi" type="simple" />
            <root url="jrt://C:/Users/furuoxuan/.jdks/openjdk-18.0.2!/java.naming" type="simple" />
            <root url="jrt://C:/Users/furuoxuan/.jdks/openjdk-18.0.2!/java.net.http" type="simple" />
            <root url="jrt://C:/Users/furuoxuan/.jdks/openjdk-18.0.2!/java.prefs" type="simple" />
            <root url="jrt://C:/Users/furuoxuan/.jdks/openjdk-18.0.2!/java.rmi" type="simple" />
            <root url="jrt://C:/Users/furuoxuan/.jdks/openjdk-18.0.2!/java.scripting" type="simple" />
            <root url="jrt://C:/Users/furuoxuan/.jdks/openjdk-18.0.2!/java.se" type="simple" />
            <root url="jrt://C:/Users/furuoxuan/.jdks/openjdk-18.0.2!/java.security.jgss" type="simple" />
            <root url="jrt://C:/Users/furuoxuan/.jdks/openjdk-18.0.2!/java.security.sasl" type="simple" />
            <root url="jrt://C:/Users/furuoxuan/.jdks/openjdk-18.0.2!/java.smartcardio" type="simple" />
            <root url="jrt://C:/Users/furuoxuan/.jdks/openjdk-18.0.2!/java.sql" type="simple" />
            <root url="jrt://C:/Users/furuoxuan/.jdks/openjdk-18.0.2!/java.sql.rowset" type="simple" />
            <root url="jrt://C:/Users/furuoxuan/.jdks/openjdk-18.0.2!/java.transaction.xa" type="simple" />
            <root url="jrt://C:/Users/furuoxuan/.jdks/openjdk-18.0.2!/java.xml" type="simple" />
            <root url="jrt://C:/Users/furuoxuan/.jdks/openjdk-18.0.2!/java.xml.crypto" type="simple" />
            <root url="jrt://C:/Users/furuoxuan/.jdks/openjdk-18.0.2!/jdk.accessibility" type="simple" />
            <root url="jrt://C:/Users/furuoxuan/.jdks/openjdk-18.0.2!/jdk.attach" type="simple" />
            <root url="jrt://C:/Users/furuoxuan/.jdks/openjdk-18.0.2!/jdk.charsets" type="simple" />
            <root url="jrt://C:/Users/furuoxuan/.jdks/openjdk-18.0.2!/jdk.compiler" type="simple" />
            <root url="jrt://C:/Users/furuoxuan/.jdks/openjdk-18.0.2!/jdk.crypto.cryptoki" type="simple" />
            <root url="jrt://C:/Users/furuoxuan/.jdks/openjdk-18.0.2!/jdk.crypto.ec" type="simple" />
            <root url="jrt://C:/Users/furuoxuan/.jdks/openjdk-18.0.2!/jdk.crypto.mscapi" type="simple" />
            <root url="jrt://C:/Users/furuoxuan/.jdks/openjdk-18.0.2!/jdk.dynalink" type="simple" />
            <root url="jrt://C:/Users/furuoxuan/.jdks/openjdk-18.0.2!/jdk.editpad" type="simple" />
            <root url="jrt://C:/Users/furuoxuan/.jdks/openjdk-18.0.2!/jdk.hotspot.agent" type="simple" />
            <root url="jrt://C:/Users/furuoxuan/.jdks/openjdk-18.0.2!/jdk.httpserver" type="simple" />
            <root url="jrt://C:/Users/furuoxuan/.jdks/openjdk-18.0.2!/jdk.incubator.foreign" type="simple" />
            <root url="jrt://C:/Users/furuoxuan/.jdks/openjdk-18.0.2!/jdk.incubator.vector" type="simple" />
            <root url="jrt://C:/Users/furuoxuan/.jdks/openjdk-18.0.2!/jdk.internal.ed" type="simple" />
            <root url="jrt://C:/Users/furuoxuan/.jdks/openjdk-18.0.2!/jdk.internal.jvmstat" type="simple" />
            <root url="jrt://C:/Users/furuoxuan/.jdks/openjdk-18.0.2!/jdk.internal.le" type="simple" />
            <root url="jrt://C:/Users/furuoxuan/.jdks/openjdk-18.0.2!/jdk.internal.opt" type="simple" />
            <root url="jrt://C:/Users/furuoxuan/.jdks/openjdk-18.0.2!/jdk.internal.vm.ci" type="simple" />
            <root url="jrt://C:/Users/furuoxuan/.jdks/openjdk-18.0.2!/jdk.internal.vm.compiler" type="simple" />
            <root url="jrt://C:/Users/furuoxuan/.jdks/openjdk-18.0.2!/jdk.internal.vm.compiler.management" type="simple" />
            <root url="jrt://C:/Users/furuoxuan/.jdks/openjdk-18.0.2!/jdk.jartool" type="simple" />
            <root url="jrt://C:/Users/furuoxuan/.jdks/openjdk-18.0.2!/jdk.javadoc" type="simple" />
            <root url="jrt://C:/Users/furuoxuan/.jdks/openjdk-18.0.2!/jdk.jcmd" type="simple" />
            <root url="jrt://C:/Users/furuoxuan/.jdks/openjdk-18.0.2!/jdk.jconsole" type="simple" />
            <root url="jrt://C:/Users/furuoxuan/.jdks/openjdk-18.0.2!/jdk.jdeps" type="simple" />
            <root url="jrt://C:/Users/furuoxuan/.jdks/openjdk-18.0.2!/jdk.jdi" type="simple" />
            <root url="jrt://C:/Users/furuoxuan/.jdks/openjdk-18.0.2!/jdk.jdwp.agent" type="simple" />
            <root url="jrt://C:/Users/furuoxuan/.jdks/openjdk-18.0.2!/jdk.jfr" type="simple" />
            <root url="jrt://C:/Users/furuoxuan/.jdks/openjdk-18.0.2!/jdk.jlink" type="simple" />
            <root url="jrt://C:/Users/furuoxuan/.jdks/openjdk-18.0.2!/jdk.jpackage" type="simple" />
            <root url="jrt://C:/Users/furuoxuan/.jdks/openjdk-18.0.2!/jdk.jshell" type="simple" />
            <root url="jrt://C:/Users/furuoxuan/.jdks/openjdk-18.0.2!/jdk.jsobject" type="simple" />
            <root url="jrt://C:/Users/furuoxuan/.jdks/openjdk-18.0.2!/jdk.jstatd" type="simple" />
            <root url="jrt://C:/Users/furuoxuan/.jdks/openjdk-18.0.2!/jdk.localedata" type="simple" />
            <root url="jrt://C:/Users/furuoxuan/.jdks/openjdk-18.0.2!/jdk.management" type="simple" />
            <root url="jrt://C:/Users/furuoxuan/.jdks/openjdk-18.0.2!/jdk.management.agent" type="simple" />
            <root url="jrt://C:/Users/furuoxuan/.jdks/openjdk-18.0.2!/jdk.management.jfr" type="simple" />
            <root url="jrt://C:/Users/furuoxuan/.jdks/openjdk-18.0.2!/jdk.naming.dns" type="simple" />
            <root url="jrt://C:/Users/furuoxuan/.jdks/openjdk-18.0.2!/jdk.naming.rmi" type="simple" />
            <root url="jrt://C:/Users/furuoxuan/.jdks/openjdk-18.0.2!/jdk.net" type="simple" />
            <root url="jrt://C:/Users/furuoxuan/.jdks/openjdk-18.0.2!/jdk.nio.mapmode" type="simple" />
            <root url="jrt://C:/Users/furuoxuan/.jdks/openjdk-18.0.2!/jdk.random" type="simple" />
            <root url="jrt://C:/Users/furuoxuan/.jdks/openjdk-18.0.2!/jdk.sctp" type="simple" />
            <root url="jrt://C:/Users/furuoxuan/.jdks/openjdk-18.0.2!/jdk.security.auth" type="simple" />
            <root url="jrt://C:/Users/furuoxuan/.jdks/openjdk-18.0.2!/jdk.security.jgss" type="simple" />
            <root url="jrt://C:/Users/furuoxuan/.jdks/openjdk-18.0.2!/jdk.unsupported" type="simple" />
            <root url="jrt://C:/Users/furuoxuan/.jdks/openjdk-18.0.2!/jdk.unsupported.desktop" type="simple" />
            <root url="jrt://C:/Users/furuoxuan/.jdks/openjdk-18.0.2!/jdk.xml.dom" type="simple" />
            <root url="jrt://C:/Users/furuoxuan/.jdks/openjdk-18.0.2!/jdk.zipfs" type="simple" />
          </root>
        </classPath>
        <javadocPath>
          <root type="composite" />
        </javadocPath>
        <sourcePath>
          <root type="composite">
            <root url="jar://$USER_HOME$/.jdks/openjdk-18.0.2/lib/src.zip!/java.se" type="simple" />
            <root url="jar://$USER_HOME$/.jdks/openjdk-18.0.2/lib/src.zip!/jdk.jdi" type="simple" />
            <root url="jar://$USER_HOME$/.jdks/openjdk-18.0.2/lib/src.zip!/jdk.jfr" type="simple" />
            <root url="jar://$USER_HOME$/.jdks/openjdk-18.0.2/lib/src.zip!/jdk.net" type="simple" />
            <root url="jar://$USER_HOME$/.jdks/openjdk-18.0.2/lib/src.zip!/java.rmi" type="simple" />
            <root url="jar://$USER_HOME$/.jdks/openjdk-18.0.2/lib/src.zip!/java.sql" type="simple" />
            <root url="jar://$USER_HOME$/.jdks/openjdk-18.0.2/lib/src.zip!/java.xml" type="simple" />
            <root url="jar://$USER_HOME$/.jdks/openjdk-18.0.2/lib/src.zip!/jdk.jcmd" type="simple" />
            <root url="jar://$USER_HOME$/.jdks/openjdk-18.0.2/lib/src.zip!/jdk.sctp" type="simple" />
            <root url="jar://$USER_HOME$/.jdks/openjdk-18.0.2/lib/src.zip!/java.base" type="simple" />
            <root url="jar://$USER_HOME$/.jdks/openjdk-18.0.2/lib/src.zip!/jdk.jdeps" type="simple" />
            <root url="jar://$USER_HOME$/.jdks/openjdk-18.0.2/lib/src.zip!/jdk.jlink" type="simple" />
            <root url="jar://$USER_HOME$/.jdks/openjdk-18.0.2/lib/src.zip!/jdk.zipfs" type="simple" />
            <root url="jar://$USER_HOME$/.jdks/openjdk-18.0.2/lib/src.zip!/java.prefs" type="simple" />
            <root url="jar://$USER_HOME$/.jdks/openjdk-18.0.2/lib/src.zip!/jdk.attach" type="simple" />
            <root url="jar://$USER_HOME$/.jdks/openjdk-18.0.2/lib/src.zip!/jdk.jshell" type="simple" />
            <root url="jar://$USER_HOME$/.jdks/openjdk-18.0.2/lib/src.zip!/jdk.jstatd" type="simple" />
            <root url="jar://$USER_HOME$/.jdks/openjdk-18.0.2/lib/src.zip!/jdk.random" type="simple" />
            <root url="jar://$USER_HOME$/.jdks/openjdk-18.0.2/lib/src.zip!/java.naming" type="simple" />
            <root url="jar://$USER_HOME$/.jdks/openjdk-18.0.2/lib/src.zip!/jdk.editpad" type="simple" />
            <root url="jar://$USER_HOME$/.jdks/openjdk-18.0.2/lib/src.zip!/jdk.jartool" type="simple" />
            <root url="jar://$USER_HOME$/.jdks/openjdk-18.0.2/lib/src.zip!/jdk.javadoc" type="simple" />
            <root url="jar://$USER_HOME$/.jdks/openjdk-18.0.2/lib/src.zip!/jdk.xml.dom" type="simple" />
            <root url="jar://$USER_HOME$/.jdks/openjdk-18.0.2/lib/src.zip!/java.desktop" type="simple" />
            <root url="jar://$USER_HOME$/.jdks/openjdk-18.0.2/lib/src.zip!/java.logging" type="simple" />
            <root url="jar://$USER_HOME$/.jdks/openjdk-18.0.2/lib/src.zip!/jdk.charsets" type="simple" />
            <root url="jar://$USER_HOME$/.jdks/openjdk-18.0.2/lib/src.zip!/jdk.compiler" type="simple" />
            <root url="jar://$USER_HOME$/.jdks/openjdk-18.0.2/lib/src.zip!/jdk.dynalink" type="simple" />
            <root url="jar://$USER_HOME$/.jdks/openjdk-18.0.2/lib/src.zip!/jdk.jconsole" type="simple" />
            <root url="jar://$USER_HOME$/.jdks/openjdk-18.0.2/lib/src.zip!/jdk.jpackage" type="simple" />
            <root url="jar://$USER_HOME$/.jdks/openjdk-18.0.2/lib/src.zip!/jdk.jsobject" type="simple" />
            <root url="jar://$USER_HOME$/.jdks/openjdk-18.0.2/lib/src.zip!/java.compiler" type="simple" />
            <root url="jar://$USER_HOME$/.jdks/openjdk-18.0.2/lib/src.zip!/java.net.http" type="simple" />
            <root url="jar://$USER_HOME$/.jdks/openjdk-18.0.2/lib/src.zip!/jdk.crypto.ec" type="simple" />
            <root url="jar://$USER_HOME$/.jdks/openjdk-18.0.2/lib/src.zip!/java.scripting" type="simple" />
            <root url="jar://$USER_HOME$/.jdks/openjdk-18.0.2/lib/src.zip!/jdk.httpserver" type="simple" />
            <root url="jar://$USER_HOME$/.jdks/openjdk-18.0.2/lib/src.zip!/jdk.jdwp.agent" type="simple" />
            <root url="jar://$USER_HOME$/.jdks/openjdk-18.0.2/lib/src.zip!/jdk.localedata" type="simple" />
            <root url="jar://$USER_HOME$/.jdks/openjdk-18.0.2/lib/src.zip!/jdk.management" type="simple" />
            <root url="jar://$USER_HOME$/.jdks/openjdk-18.0.2/lib/src.zip!/jdk.naming.dns" type="simple" />
            <root url="jar://$USER_HOME$/.jdks/openjdk-18.0.2/lib/src.zip!/jdk.naming.rmi" type="simple" />
            <root url="jar://$USER_HOME$/.jdks/openjdk-18.0.2/lib/src.zip!/java.instrument" type="simple" />
            <root url="jar://$USER_HOME$/.jdks/openjdk-18.0.2/lib/src.zip!/java.management" type="simple" />
            <root url="jar://$USER_HOME$/.jdks/openjdk-18.0.2/lib/src.zip!/java.sql.rowset" type="simple" />
            <root url="jar://$USER_HOME$/.jdks/openjdk-18.0.2/lib/src.zip!/java.xml.crypto" type="simple" />
            <root url="jar://$USER_HOME$/.jdks/openjdk-18.0.2/lib/src.zip!/jdk.internal.ed" type="simple" />
            <root url="jar://$USER_HOME$/.jdks/openjdk-18.0.2/lib/src.zip!/jdk.internal.le" type="simple" />
            <root url="jar://$USER_HOME$/.jdks/openjdk-18.0.2/lib/src.zip!/jdk.nio.mapmode" type="simple" />
            <root url="jar://$USER_HOME$/.jdks/openjdk-18.0.2/lib/src.zip!/jdk.unsupported" type="simple" />
            <root url="jar://$USER_HOME$/.jdks/openjdk-18.0.2/lib/src.zip!/java.smartcardio" type="simple" />
            <root url="jar://$USER_HOME$/.jdks/openjdk-18.0.2/lib/src.zip!/jdk.internal.opt" type="simple" />
            <root url="jar://$USER_HOME$/.jdks/openjdk-18.0.2/lib/src.zip!/java.datatransfer" type="simple" />
            <root url="jar://$USER_HOME$/.jdks/openjdk-18.0.2/lib/src.zip!/jdk.accessibility" type="simple" />
            <root url="jar://$USER_HOME$/.jdks/openjdk-18.0.2/lib/src.zip!/jdk.crypto.mscapi" type="simple" />
            <root url="jar://$USER_HOME$/.jdks/openjdk-18.0.2/lib/src.zip!/jdk.hotspot.agent" type="simple" />
            <root url="jar://$USER_HOME$/.jdks/openjdk-18.0.2/lib/src.zip!/jdk.security.auth" type="simple" />
            <root url="jar://$USER_HOME$/.jdks/openjdk-18.0.2/lib/src.zip!/jdk.security.jgss" type="simple" />
            <root url="jar://$USER_HOME$/.jdks/openjdk-18.0.2/lib/src.zip!/java.security.jgss" type="simple" />
            <root url="jar://$USER_HOME$/.jdks/openjdk-18.0.2/lib/src.zip!/java.security.sasl" type="simple" />
            <root url="jar://$USER_HOME$/.jdks/openjdk-18.0.2/lib/src.zip!/jdk.internal.vm.ci" type="simple" />
            <root url="jar://$USER_HOME$/.jdks/openjdk-18.0.2/lib/src.zip!/jdk.management.jfr" type="simple" />
            <root url="jar://$USER_HOME$/.jdks/openjdk-18.0.2/lib/src.zip!/java.management.rmi" type="simple" />
            <root url="jar://$USER_HOME$/.jdks/openjdk-18.0.2/lib/src.zip!/java.transaction.xa" type="simple" />
            <root url="jar://$USER_HOME$/.jdks/openjdk-18.0.2/lib/src.zip!/jdk.crypto.cryptoki" type="simple" />
            <root url="jar://$USER_HOME$/.jdks/openjdk-18.0.2/lib/src.zip!/jdk.incubator.vector" type="simple" />
            <root url="jar://$USER_HOME$/.jdks/openjdk-18.0.2/lib/src.zip!/jdk.internal.jvmstat" type="simple" />
            <root url="jar://$USER_HOME$/.jdks/openjdk-18.0.2/lib/src.zip!/jdk.management.agent" type="simple" />
            <root url="jar://$USER_HOME$/.jdks/openjdk-18.0.2/lib/src.zip!/jdk.incubator.foreign" type="simple" />
            <root url="jar://$USER_HOME$/.jdks/openjdk-18.0.2/lib/src.zip!/jdk.unsupported.desktop" type="simple" />
            <root url="jar://$USER_HOME$/.jdks/openjdk-18.0.2/lib/src.zip!/jdk.internal.vm.compiler" type="simple" />
            <root url="jar://$USER_HOME$/.jdks/openjdk-18.0.2/lib/src.zip!/jdk.internal.vm.compiler.management" type="simple" />
          </root>
        </sourcePath>
      </roots>
      <additional />
    </jdk>
    <jdk version="2">
      <name value="18" />
      <type value="JavaSDK" />
      <version value="Oracle OpenJDK version 18.0.2" />
      <homePath value="$USER_HOME$/.jdks/openjdk-18.0.2" />
      <roots>
        <annotationsPath>
          <root type="composite">
            <root url="jar://$APPLICATION_HOME_DIR$/plugins/java/lib/jdkAnnotations.jar!/" type="simple" />
          </root>
        </annotationsPath>
        <classPath>
          <root type="composite">
            <root url="jrt://C:/Users/furuoxuan/.jdks/openjdk-18.0.2!/java.base" type="simple" />
            <root url="jrt://C:/Users/furuoxuan/.jdks/openjdk-18.0.2!/java.compiler" type="simple" />
            <root url="jrt://C:/Users/furuoxuan/.jdks/openjdk-18.0.2!/java.datatransfer" type="simple" />
            <root url="jrt://C:/Users/furuoxuan/.jdks/openjdk-18.0.2!/java.desktop" type="simple" />
            <root url="jrt://C:/Users/furuoxuan/.jdks/openjdk-18.0.2!/java.instrument" type="simple" />
            <root url="jrt://C:/Users/furuoxuan/.jdks/openjdk-18.0.2!/java.logging" type="simple" />
            <root url="jrt://C:/Users/furuoxuan/.jdks/openjdk-18.0.2!/java.management" type="simple" />
            <root url="jrt://C:/Users/furuoxuan/.jdks/openjdk-18.0.2!/java.management.rmi" type="simple" />
            <root url="jrt://C:/Users/furuoxuan/.jdks/openjdk-18.0.2!/java.naming" type="simple" />
            <root url="jrt://C:/Users/furuoxuan/.jdks/openjdk-18.0.2!/java.net.http" type="simple" />
            <root url="jrt://C:/Users/furuoxuan/.jdks/openjdk-18.0.2!/java.prefs" type="simple" />
            <root url="jrt://C:/Users/furuoxuan/.jdks/openjdk-18.0.2!/java.rmi" type="simple" />
            <root url="jrt://C:/Users/furuoxuan/.jdks/openjdk-18.0.2!/java.scripting" type="simple" />
            <root url="jrt://C:/Users/furuoxuan/.jdks/openjdk-18.0.2!/java.se" type="simple" />
            <root url="jrt://C:/Users/furuoxuan/.jdks/openjdk-18.0.2!/java.security.jgss" type="simple" />
            <root url="jrt://C:/Users/furuoxuan/.jdks/openjdk-18.0.2!/java.security.sasl" type="simple" />
            <root url="jrt://C:/Users/furuoxuan/.jdks/openjdk-18.0.2!/java.smartcardio" type="simple" />
            <root url="jrt://C:/Users/furuoxuan/.jdks/openjdk-18.0.2!/java.sql" type="simple" />
            <root url="jrt://C:/Users/furuoxuan/.jdks/openjdk-18.0.2!/java.sql.rowset" type="simple" />
            <root url="jrt://C:/Users/furuoxuan/.jdks/openjdk-18.0.2!/java.transaction.xa" type="simple" />
            <root url="jrt://C:/Users/furuoxuan/.jdks/openjdk-18.0.2!/java.xml" type="simple" />
            <root url="jrt://C:/Users/furuoxuan/.jdks/openjdk-18.0.2!/java.xml.crypto" type="simple" />
            <root url="jrt://C:/Users/furuoxuan/.jdks/openjdk-18.0.2!/jdk.accessibility" type="simple" />
            <root url="jrt://C:/Users/furuoxuan/.jdks/openjdk-18.0.2!/jdk.attach" type="simple" />
            <root url="jrt://C:/Users/furuoxuan/.jdks/openjdk-18.0.2!/jdk.charsets" type="simple" />
            <root url="jrt://C:/Users/furuoxuan/.jdks/openjdk-18.0.2!/jdk.compiler" type="simple" />
            <root url="jrt://C:/Users/furuoxuan/.jdks/openjdk-18.0.2!/jdk.crypto.cryptoki" type="simple" />
            <root url="jrt://C:/Users/furuoxuan/.jdks/openjdk-18.0.2!/jdk.crypto.ec" type="simple" />
            <root url="jrt://C:/Users/furuoxuan/.jdks/openjdk-18.0.2!/jdk.crypto.mscapi" type="simple" />
            <root url="jrt://C:/Users/furuoxuan/.jdks/openjdk-18.0.2!/jdk.dynalink" type="simple" />
            <root url="jrt://C:/Users/furuoxuan/.jdks/openjdk-18.0.2!/jdk.editpad" type="simple" />
            <root url="jrt://C:/Users/furuoxuan/.jdks/openjdk-18.0.2!/jdk.hotspot.agent" type="simple" />
            <root url="jrt://C:/Users/furuoxuan/.jdks/openjdk-18.0.2!/jdk.httpserver" type="simple" />
            <root url="jrt://C:/Users/furuoxuan/.jdks/openjdk-18.0.2!/jdk.incubator.foreign" type="simple" />
            <root url="jrt://C:/Users/furuoxuan/.jdks/openjdk-18.0.2!/jdk.incubator.vector" type="simple" />
            <root url="jrt://C:/Users/furuoxuan/.jdks/openjdk-18.0.2!/jdk.internal.ed" type="simple" />
            <root url="jrt://C:/Users/furuoxuan/.jdks/openjdk-18.0.2!/jdk.internal.jvmstat" type="simple" />
            <root url="jrt://C:/Users/furuoxuan/.jdks/openjdk-18.0.2!/jdk.internal.le" type="simple" />
            <root url="jrt://C:/Users/furuoxuan/.jdks/openjdk-18.0.2!/jdk.internal.opt" type="simple" />
            <root url="jrt://C:/Users/furuoxuan/.jdks/openjdk-18.0.2!/jdk.internal.vm.ci" type="simple" />
            <root url="jrt://C:/Users/furuoxuan/.jdks/openjdk-18.0.2!/jdk.internal.vm.compiler" type="simple" />
            <root url="jrt://C:/Users/furuoxuan/.jdks/openjdk-18.0.2!/jdk.internal.vm.compiler.management" type="simple" />
            <root url="jrt://C:/Users/furuoxuan/.jdks/openjdk-18.0.2!/jdk.jartool" type="simple" />
            <root url="jrt://C:/Users/furuoxuan/.jdks/openjdk-18.0.2!/jdk.javadoc" type="simple" />
            <root url="jrt://C:/Users/furuoxuan/.jdks/openjdk-18.0.2!/jdk.jcmd" type="simple" />
            <root url="jrt://C:/Users/furuoxuan/.jdks/openjdk-18.0.2!/jdk.jconsole" type="simple" />
            <root url="jrt://C:/Users/furuoxuan/.jdks/openjdk-18.0.2!/jdk.jdeps" type="simple" />
            <root url="jrt://C:/Users/furuoxuan/.jdks/openjdk-18.0.2!/jdk.jdi" type="simple" />
            <root url="jrt://C:/Users/furuoxuan/.jdks/openjdk-18.0.2!/jdk.jdwp.agent" type="simple" />
            <root url="jrt://C:/Users/furuoxuan/.jdks/openjdk-18.0.2!/jdk.jfr" type="simple" />
            <root url="jrt://C:/Users/furuoxuan/.jdks/openjdk-18.0.2!/jdk.jlink" type="simple" />
            <root url="jrt://C:/Users/furuoxuan/.jdks/openjdk-18.0.2!/jdk.jpackage" type="simple" />
            <root url="jrt://C:/Users/furuoxuan/.jdks/openjdk-18.0.2!/jdk.jshell" type="simple" />
            <root url="jrt://C:/Users/furuoxuan/.jdks/openjdk-18.0.2!/jdk.jsobject" type="simple" />
            <root url="jrt://C:/Users/furuoxuan/.jdks/openjdk-18.0.2!/jdk.jstatd" type="simple" />
            <root url="jrt://C:/Users/furuoxuan/.jdks/openjdk-18.0.2!/jdk.localedata" type="simple" />
            <root url="jrt://C:/Users/furuoxuan/.jdks/openjdk-18.0.2!/jdk.management" type="simple" />
            <root url="jrt://C:/Users/furuoxuan/.jdks/openjdk-18.0.2!/jdk.management.agent" type="simple" />
            <root url="jrt://C:/Users/furuoxuan/.jdks/openjdk-18.0.2!/jdk.management.jfr" type="simple" />
            <root url="jrt://C:/Users/furuoxuan/.jdks/openjdk-18.0.2!/jdk.naming.dns" type="simple" />
            <root url="jrt://C:/Users/furuoxuan/.jdks/openjdk-18.0.2!/jdk.naming.rmi" type="simple" />
            <root url="jrt://C:/Users/furuoxuan/.jdks/openjdk-18.0.2!/jdk.net" type="simple" />
            <root url="jrt://C:/Users/furuoxuan/.jdks/openjdk-18.0.2!/jdk.nio.mapmode" type="simple" />
            <root url="jrt://C:/Users/furuoxuan/.jdks/openjdk-18.0.2!/jdk.random" type="simple" />
            <root url="jrt://C:/Users/furuoxuan/.jdks/openjdk-18.0.2!/jdk.sctp" type="simple" />
            <root url="jrt://C:/Users/furuoxuan/.jdks/openjdk-18.0.2!/jdk.security.auth" type="simple" />
            <root url="jrt://C:/Users/furuoxuan/.jdks/openjdk-18.0.2!/jdk.security.jgss" type="simple" />
            <root url="jrt://C:/Users/furuoxuan/.jdks/openjdk-18.0.2!/jdk.unsupported" type="simple" />
            <root url="jrt://C:/Users/furuoxuan/.jdks/openjdk-18.0.2!/jdk.unsupported.desktop" type="simple" />
            <root url="jrt://C:/Users/furuoxuan/.jdks/openjdk-18.0.2!/jdk.xml.dom" type="simple" />
            <root url="jrt://C:/Users/furuoxuan/.jdks/openjdk-18.0.2!/jdk.zipfs" type="simple" />
          </root>
        </classPath>
        <javadocPath>
          <root type="composite" />
        </javadocPath>
        <sourcePath>
          <root type="composite">
            <root url="jar://$USER_HOME$/.jdks/openjdk-18.0.2/lib/src.zip!/java.se" type="simple" />
            <root url="jar://$USER_HOME$/.jdks/openjdk-18.0.2/lib/src.zip!/jdk.jdi" type="simple" />
            <root url="jar://$USER_HOME$/.jdks/openjdk-18.0.2/lib/src.zip!/jdk.jfr" type="simple" />
            <root url="jar://$USER_HOME$/.jdks/openjdk-18.0.2/lib/src.zip!/jdk.net" type="simple" />
            <root url="jar://$USER_HOME$/.jdks/openjdk-18.0.2/lib/src.zip!/java.rmi" type="simple" />
            <root url="jar://$USER_HOME$/.jdks/openjdk-18.0.2/lib/src.zip!/java.sql" type="simple" />
            <root url="jar://$USER_HOME$/.jdks/openjdk-18.0.2/lib/src.zip!/java.xml" type="simple" />
            <root url="jar://$USER_HOME$/.jdks/openjdk-18.0.2/lib/src.zip!/jdk.jcmd" type="simple" />
            <root url="jar://$USER_HOME$/.jdks/openjdk-18.0.2/lib/src.zip!/jdk.sctp" type="simple" />
            <root url="jar://$USER_HOME$/.jdks/openjdk-18.0.2/lib/src.zip!/java.base" type="simple" />
            <root url="jar://$USER_HOME$/.jdks/openjdk-18.0.2/lib/src.zip!/jdk.jdeps" type="simple" />
            <root url="jar://$USER_HOME$/.jdks/openjdk-18.0.2/lib/src.zip!/jdk.jlink" type="simple" />
            <root url="jar://$USER_HOME$/.jdks/openjdk-18.0.2/lib/src.zip!/jdk.zipfs" type="simple" />
            <root url="jar://$USER_HOME$/.jdks/openjdk-18.0.2/lib/src.zip!/java.prefs" type="simple" />
            <root url="jar://$USER_HOME$/.jdks/openjdk-18.0.2/lib/src.zip!/jdk.attach" type="simple" />
            <root url="jar://$USER_HOME$/.jdks/openjdk-18.0.2/lib/src.zip!/jdk.jshell" type="simple" />
            <root url="jar://$USER_HOME$/.jdks/openjdk-18.0.2/lib/src.zip!/jdk.jstatd" type="simple" />
            <root url="jar://$USER_HOME$/.jdks/openjdk-18.0.2/lib/src.zip!/jdk.random" type="simple" />
            <root url="jar://$USER_HOME$/.jdks/openjdk-18.0.2/lib/src.zip!/java.naming" type="simple" />
            <root url="jar://$USER_HOME$/.jdks/openjdk-18.0.2/lib/src.zip!/jdk.editpad" type="simple" />
            <root url="jar://$USER_HOME$/.jdks/openjdk-18.0.2/lib/src.zip!/jdk.jartool" type="simple" />
            <root url="jar://$USER_HOME$/.jdks/openjdk-18.0.2/lib/src.zip!/jdk.javadoc" type="simple" />
            <root url="jar://$USER_HOME$/.jdks/openjdk-18.0.2/lib/src.zip!/jdk.xml.dom" type="simple" />
            <root url="jar://$USER_HOME$/.jdks/openjdk-18.0.2/lib/src.zip!/java.desktop" type="simple" />
            <root url="jar://$USER_HOME$/.jdks/openjdk-18.0.2/lib/src.zip!/java.logging" type="simple" />
            <root url="jar://$USER_HOME$/.jdks/openjdk-18.0.2/lib/src.zip!/jdk.charsets" type="simple" />
            <root url="jar://$USER_HOME$/.jdks/openjdk-18.0.2/lib/src.zip!/jdk.compiler" type="simple" />
            <root url="jar://$USER_HOME$/.jdks/openjdk-18.0.2/lib/src.zip!/jdk.dynalink" type="simple" />
            <root url="jar://$USER_HOME$/.jdks/openjdk-18.0.2/lib/src.zip!/jdk.jconsole" type="simple" />
            <root url="jar://$USER_HOME$/.jdks/openjdk-18.0.2/lib/src.zip!/jdk.jpackage" type="simple" />
            <root url="jar://$USER_HOME$/.jdks/openjdk-18.0.2/lib/src.zip!/jdk.jsobject" type="simple" />
            <root url="jar://$USER_HOME$/.jdks/openjdk-18.0.2/lib/src.zip!/java.compiler" type="simple" />
            <root url="jar://$USER_HOME$/.jdks/openjdk-18.0.2/lib/src.zip!/java.net.http" type="simple" />
            <root url="jar://$USER_HOME$/.jdks/openjdk-18.0.2/lib/src.zip!/jdk.crypto.ec" type="simple" />
            <root url="jar://$USER_HOME$/.jdks/openjdk-18.0.2/lib/src.zip!/java.scripting" type="simple" />
            <root url="jar://$USER_HOME$/.jdks/openjdk-18.0.2/lib/src.zip!/jdk.httpserver" type="simple" />
            <root url="jar://$USER_HOME$/.jdks/openjdk-18.0.2/lib/src.zip!/jdk.jdwp.agent" type="simple" />
            <root url="jar://$USER_HOME$/.jdks/openjdk-18.0.2/lib/src.zip!/jdk.localedata" type="simple" />
            <root url="jar://$USER_HOME$/.jdks/openjdk-18.0.2/lib/src.zip!/jdk.management" type="simple" />
            <root url="jar://$USER_HOME$/.jdks/openjdk-18.0.2/lib/src.zip!/jdk.naming.dns" type="simple" />
            <root url="jar://$USER_HOME$/.jdks/openjdk-18.0.2/lib/src.zip!/jdk.naming.rmi" type="simple" />
            <root url="jar://$USER_HOME$/.jdks/openjdk-18.0.2/lib/src.zip!/java.instrument" type="simple" />
            <root url="jar://$USER_HOME$/.jdks/openjdk-18.0.2/lib/src.zip!/java.management" type="simple" />
            <root url="jar://$USER_HOME$/.jdks/openjdk-18.0.2/lib/src.zip!/java.sql.rowset" type="simple" />
            <root url="jar://$USER_HOME$/.jdks/openjdk-18.0.2/lib/src.zip!/java.xml.crypto" type="simple" />
            <root url="jar://$USER_HOME$/.jdks/openjdk-18.0.2/lib/src.zip!/jdk.internal.ed" type="simple" />
            <root url="jar://$USER_HOME$/.jdks/openjdk-18.0.2/lib/src.zip!/jdk.internal.le" type="simple" />
            <root url="jar://$USER_HOME$/.jdks/openjdk-18.0.2/lib/src.zip!/jdk.nio.mapmode" type="simple" />
            <root url="jar://$USER_HOME$/.jdks/openjdk-18.0.2/lib/src.zip!/jdk.unsupported" type="simple" />
            <root url="jar://$USER_HOME$/.jdks/openjdk-18.0.2/lib/src.zip!/java.smartcardio" type="simple" />
            <root url="jar://$USER_HOME$/.jdks/openjdk-18.0.2/lib/src.zip!/jdk.internal.opt" type="simple" />
            <root url="jar://$USER_HOME$/.jdks/openjdk-18.0.2/lib/src.zip!/java.datatransfer" type="simple" />
            <root url="jar://$USER_HOME$/.jdks/openjdk-18.0.2/lib/src.zip!/jdk.accessibility" type="simple" />
            <root url="jar://$USER_HOME$/.jdks/openjdk-18.0.2/lib/src.zip!/jdk.crypto.mscapi" type="simple" />
            <root url="jar://$USER_HOME$/.jdks/openjdk-18.0.2/lib/src.zip!/jdk.hotspot.agent" type="simple" />
            <root url="jar://$USER_HOME$/.jdks/openjdk-18.0.2/lib/src.zip!/jdk.security.auth" type="simple" />
            <root url="jar://$USER_HOME$/.jdks/openjdk-18.0.2/lib/src.zip!/jdk.security.jgss" type="simple" />
            <root url="jar://$USER_HOME$/.jdks/openjdk-18.0.2/lib/src.zip!/java.security.jgss" type="simple" />
            <root url="jar://$USER_HOME$/.jdks/openjdk-18.0.2/lib/src.zip!/java.security.sasl" type="simple" />
            <root url="jar://$USER_HOME$/.jdks/openjdk-18.0.2/lib/src.zip!/jdk.internal.vm.ci" type="simple" />
            <root url="jar://$USER_HOME$/.jdks/openjdk-18.0.2/lib/src.zip!/jdk.management.jfr" type="simple" />
            <root url="jar://$USER_HOME$/.jdks/openjdk-18.0.2/lib/src.zip!/java.management.rmi" type="simple" />
            <root url="jar://$USER_HOME$/.jdks/openjdk-18.0.2/lib/src.zip!/java.transaction.xa" type="simple" />
            <root url="jar://$USER_HOME$/.jdks/openjdk-18.0.2/lib/src.zip!/jdk.crypto.cryptoki" type="simple" />
            <root url="jar://$USER_HOME$/.jdks/openjdk-18.0.2/lib/src.zip!/jdk.incubator.vector" type="simple" />
            <root url="jar://$USER_HOME$/.jdks/openjdk-18.0.2/lib/src.zip!/jdk.internal.jvmstat" type="simple" />
            <root url="jar://$USER_HOME$/.jdks/openjdk-18.0.2/lib/src.zip!/jdk.management.agent" type="simple" />
            <root url="jar://$USER_HOME$/.jdks/openjdk-18.0.2/lib/src.zip!/jdk.incubator.foreign" type="simple" />
            <root url="jar://$USER_HOME$/.jdks/openjdk-18.0.2/lib/src.zip!/jdk.unsupported.desktop" type="simple" />
            <root url="jar://$USER_HOME$/.jdks/openjdk-18.0.2/lib/src.zip!/jdk.internal.vm.compiler" type="simple" />
            <root url="jar://$USER_HOME$/.jdks/openjdk-18.0.2/lib/src.zip!/jdk.internal.vm.compiler.management" type="simple" />
          </root>
        </sourcePath>
      </roots>
      <additional />
    </jdk>
    <jdk version="2">
      <name value="azul-13" />
      <type value="JavaSDK" />
      <version value="Azul Zulu version 13.0.12" />
      <homePath value="$USER_HOME$/.jdks/azul-13.0.12" />
      <roots>
        <annotationsPath>
          <root type="composite">
            <root url="jar://$APPLICATION_HOME_DIR$/plugins/java/lib/jdkAnnotations.jar!/" type="simple" />
          </root>
        </annotationsPath>
        <classPath>
          <root type="composite">
            <root url="jrt://C:/Users/furuoxuan/.jdks/azul-13.0.12!/java.base" type="simple" />
            <root url="jrt://C:/Users/furuoxuan/.jdks/azul-13.0.12!/java.compiler" type="simple" />
            <root url="jrt://C:/Users/furuoxuan/.jdks/azul-13.0.12!/java.datatransfer" type="simple" />
            <root url="jrt://C:/Users/furuoxuan/.jdks/azul-13.0.12!/java.desktop" type="simple" />
            <root url="jrt://C:/Users/furuoxuan/.jdks/azul-13.0.12!/java.instrument" type="simple" />
            <root url="jrt://C:/Users/furuoxuan/.jdks/azul-13.0.12!/java.logging" type="simple" />
            <root url="jrt://C:/Users/furuoxuan/.jdks/azul-13.0.12!/java.management" type="simple" />
            <root url="jrt://C:/Users/furuoxuan/.jdks/azul-13.0.12!/java.management.rmi" type="simple" />
            <root url="jrt://C:/Users/furuoxuan/.jdks/azul-13.0.12!/java.naming" type="simple" />
            <root url="jrt://C:/Users/furuoxuan/.jdks/azul-13.0.12!/java.net.http" type="simple" />
            <root url="jrt://C:/Users/furuoxuan/.jdks/azul-13.0.12!/java.prefs" type="simple" />
            <root url="jrt://C:/Users/furuoxuan/.jdks/azul-13.0.12!/java.rmi" type="simple" />
            <root url="jrt://C:/Users/furuoxuan/.jdks/azul-13.0.12!/java.scripting" type="simple" />
            <root url="jrt://C:/Users/furuoxuan/.jdks/azul-13.0.12!/java.se" type="simple" />
            <root url="jrt://C:/Users/furuoxuan/.jdks/azul-13.0.12!/java.security.jgss" type="simple" />
            <root url="jrt://C:/Users/furuoxuan/.jdks/azul-13.0.12!/java.security.sasl" type="simple" />
            <root url="jrt://C:/Users/furuoxuan/.jdks/azul-13.0.12!/java.smartcardio" type="simple" />
            <root url="jrt://C:/Users/furuoxuan/.jdks/azul-13.0.12!/java.sql" type="simple" />
            <root url="jrt://C:/Users/furuoxuan/.jdks/azul-13.0.12!/java.sql.rowset" type="simple" />
            <root url="jrt://C:/Users/furuoxuan/.jdks/azul-13.0.12!/java.transaction.xa" type="simple" />
            <root url="jrt://C:/Users/furuoxuan/.jdks/azul-13.0.12!/java.xml" type="simple" />
            <root url="jrt://C:/Users/furuoxuan/.jdks/azul-13.0.12!/java.xml.crypto" type="simple" />
            <root url="jrt://C:/Users/furuoxuan/.jdks/azul-13.0.12!/jdk.accessibility" type="simple" />
            <root url="jrt://C:/Users/furuoxuan/.jdks/azul-13.0.12!/jdk.aot" type="simple" />
            <root url="jrt://C:/Users/furuoxuan/.jdks/azul-13.0.12!/jdk.attach" type="simple" />
            <root url="jrt://C:/Users/furuoxuan/.jdks/azul-13.0.12!/jdk.charsets" type="simple" />
            <root url="jrt://C:/Users/furuoxuan/.jdks/azul-13.0.12!/jdk.compiler" type="simple" />
            <root url="jrt://C:/Users/furuoxuan/.jdks/azul-13.0.12!/jdk.crypto.cryptoki" type="simple" />
            <root url="jrt://C:/Users/furuoxuan/.jdks/azul-13.0.12!/jdk.crypto.ec" type="simple" />
            <root url="jrt://C:/Users/furuoxuan/.jdks/azul-13.0.12!/jdk.crypto.mscapi" type="simple" />
            <root url="jrt://C:/Users/furuoxuan/.jdks/azul-13.0.12!/jdk.dynalink" type="simple" />
            <root url="jrt://C:/Users/furuoxuan/.jdks/azul-13.0.12!/jdk.editpad" type="simple" />
            <root url="jrt://C:/Users/furuoxuan/.jdks/azul-13.0.12!/jdk.hotspot.agent" type="simple" />
            <root url="jrt://C:/Users/furuoxuan/.jdks/azul-13.0.12!/jdk.httpserver" type="simple" />
            <root url="jrt://C:/Users/furuoxuan/.jdks/azul-13.0.12!/jdk.internal.ed" type="simple" />
            <root url="jrt://C:/Users/furuoxuan/.jdks/azul-13.0.12!/jdk.internal.jvmstat" type="simple" />
            <root url="jrt://C:/Users/furuoxuan/.jdks/azul-13.0.12!/jdk.internal.le" type="simple" />
            <root url="jrt://C:/Users/furuoxuan/.jdks/azul-13.0.12!/jdk.internal.opt" type="simple" />
            <root url="jrt://C:/Users/furuoxuan/.jdks/azul-13.0.12!/jdk.internal.vm.ci" type="simple" />
            <root url="jrt://C:/Users/furuoxuan/.jdks/azul-13.0.12!/jdk.internal.vm.compiler" type="simple" />
            <root url="jrt://C:/Users/furuoxuan/.jdks/azul-13.0.12!/jdk.internal.vm.compiler.management" type="simple" />
            <root url="jrt://C:/Users/furuoxuan/.jdks/azul-13.0.12!/jdk.jartool" type="simple" />
            <root url="jrt://C:/Users/furuoxuan/.jdks/azul-13.0.12!/jdk.javadoc" type="simple" />
            <root url="jrt://C:/Users/furuoxuan/.jdks/azul-13.0.12!/jdk.jcmd" type="simple" />
            <root url="jrt://C:/Users/furuoxuan/.jdks/azul-13.0.12!/jdk.jconsole" type="simple" />
            <root url="jrt://C:/Users/furuoxuan/.jdks/azul-13.0.12!/jdk.jdeps" type="simple" />
            <root url="jrt://C:/Users/furuoxuan/.jdks/azul-13.0.12!/jdk.jdi" type="simple" />
            <root url="jrt://C:/Users/furuoxuan/.jdks/azul-13.0.12!/jdk.jdwp.agent" type="simple" />
            <root url="jrt://C:/Users/furuoxuan/.jdks/azul-13.0.12!/jdk.jfr" type="simple" />
            <root url="jrt://C:/Users/furuoxuan/.jdks/azul-13.0.12!/jdk.jlink" type="simple" />
            <root url="jrt://C:/Users/furuoxuan/.jdks/azul-13.0.12!/jdk.jshell" type="simple" />
            <root url="jrt://C:/Users/furuoxuan/.jdks/azul-13.0.12!/jdk.jsobject" type="simple" />
            <root url="jrt://C:/Users/furuoxuan/.jdks/azul-13.0.12!/jdk.jstatd" type="simple" />
            <root url="jrt://C:/Users/furuoxuan/.jdks/azul-13.0.12!/jdk.localedata" type="simple" />
            <root url="jrt://C:/Users/furuoxuan/.jdks/azul-13.0.12!/jdk.management" type="simple" />
            <root url="jrt://C:/Users/furuoxuan/.jdks/azul-13.0.12!/jdk.management.agent" type="simple" />
            <root url="jrt://C:/Users/furuoxuan/.jdks/azul-13.0.12!/jdk.management.jfr" type="simple" />
            <root url="jrt://C:/Users/furuoxuan/.jdks/azul-13.0.12!/jdk.naming.dns" type="simple" />
            <root url="jrt://C:/Users/furuoxuan/.jdks/azul-13.0.12!/jdk.naming.rmi" type="simple" />
            <root url="jrt://C:/Users/furuoxuan/.jdks/azul-13.0.12!/jdk.net" type="simple" />
            <root url="jrt://C:/Users/furuoxuan/.jdks/azul-13.0.12!/jdk.pack" type="simple" />
            <root url="jrt://C:/Users/furuoxuan/.jdks/azul-13.0.12!/jdk.rmic" type="simple" />
            <root url="jrt://C:/Users/furuoxuan/.jdks/azul-13.0.12!/jdk.scripting.nashorn" type="simple" />
            <root url="jrt://C:/Users/furuoxuan/.jdks/azul-13.0.12!/jdk.scripting.nashorn.shell" type="simple" />
            <root url="jrt://C:/Users/furuoxuan/.jdks/azul-13.0.12!/jdk.sctp" type="simple" />
            <root url="jrt://C:/Users/furuoxuan/.jdks/azul-13.0.12!/jdk.security.auth" type="simple" />
            <root url="jrt://C:/Users/furuoxuan/.jdks/azul-13.0.12!/jdk.security.jgss" type="simple" />
            <root url="jrt://C:/Users/furuoxuan/.jdks/azul-13.0.12!/jdk.unsupported" type="simple" />
            <root url="jrt://C:/Users/furuoxuan/.jdks/azul-13.0.12!/jdk.unsupported.desktop" type="simple" />
            <root url="jrt://C:/Users/furuoxuan/.jdks/azul-13.0.12!/jdk.xml.dom" type="simple" />
            <root url="jrt://C:/Users/furuoxuan/.jdks/azul-13.0.12!/jdk.zipfs" type="simple" />
          </root>
        </classPath>
        <javadocPath>
          <root type="composite" />
        </javadocPath>
        <sourcePath>
          <root type="composite">
            <root url="jar://$USER_HOME$/.jdks/azul-13.0.12/lib/src.zip!/java.se" type="simple" />
            <root url="jar://$USER_HOME$/.jdks/azul-13.0.12/lib/src.zip!/jdk.aot" type="simple" />
            <root url="jar://$USER_HOME$/.jdks/azul-13.0.12/lib/src.zip!/jdk.jdi" type="simple" />
            <root url="jar://$USER_HOME$/.jdks/azul-13.0.12/lib/src.zip!/jdk.jfr" type="simple" />
            <root url="jar://$USER_HOME$/.jdks/azul-13.0.12/lib/src.zip!/jdk.net" type="simple" />
            <root url="jar://$USER_HOME$/.jdks/azul-13.0.12/lib/src.zip!/java.rmi" type="simple" />
            <root url="jar://$USER_HOME$/.jdks/azul-13.0.12/lib/src.zip!/java.sql" type="simple" />
            <root url="jar://$USER_HOME$/.jdks/azul-13.0.12/lib/src.zip!/java.xml" type="simple" />
            <root url="jar://$USER_HOME$/.jdks/azul-13.0.12/lib/src.zip!/jdk.jcmd" type="simple" />
            <root url="jar://$USER_HOME$/.jdks/azul-13.0.12/lib/src.zip!/jdk.pack" type="simple" />
            <root url="jar://$USER_HOME$/.jdks/azul-13.0.12/lib/src.zip!/jdk.rmic" type="simple" />
            <root url="jar://$USER_HOME$/.jdks/azul-13.0.12/lib/src.zip!/jdk.sctp" type="simple" />
            <root url="jar://$USER_HOME$/.jdks/azul-13.0.12/lib/src.zip!/java.base" type="simple" />
            <root url="jar://$USER_HOME$/.jdks/azul-13.0.12/lib/src.zip!/jdk.jdeps" type="simple" />
            <root url="jar://$USER_HOME$/.jdks/azul-13.0.12/lib/src.zip!/jdk.jlink" type="simple" />
            <root url="jar://$USER_HOME$/.jdks/azul-13.0.12/lib/src.zip!/jdk.zipfs" type="simple" />
            <root url="jar://$USER_HOME$/.jdks/azul-13.0.12/lib/src.zip!/java.prefs" type="simple" />
            <root url="jar://$USER_HOME$/.jdks/azul-13.0.12/lib/src.zip!/jdk.attach" type="simple" />
            <root url="jar://$USER_HOME$/.jdks/azul-13.0.12/lib/src.zip!/jdk.jshell" type="simple" />
            <root url="jar://$USER_HOME$/.jdks/azul-13.0.12/lib/src.zip!/jdk.jstatd" type="simple" />
            <root url="jar://$USER_HOME$/.jdks/azul-13.0.12/lib/src.zip!/java.naming" type="simple" />
            <root url="jar://$USER_HOME$/.jdks/azul-13.0.12/lib/src.zip!/jdk.editpad" type="simple" />
            <root url="jar://$USER_HOME$/.jdks/azul-13.0.12/lib/src.zip!/jdk.jartool" type="simple" />
            <root url="jar://$USER_HOME$/.jdks/azul-13.0.12/lib/src.zip!/jdk.javadoc" type="simple" />
            <root url="jar://$USER_HOME$/.jdks/azul-13.0.12/lib/src.zip!/jdk.xml.dom" type="simple" />
            <root url="jar://$USER_HOME$/.jdks/azul-13.0.12/lib/src.zip!/java.desktop" type="simple" />
            <root url="jar://$USER_HOME$/.jdks/azul-13.0.12/lib/src.zip!/java.logging" type="simple" />
            <root url="jar://$USER_HOME$/.jdks/azul-13.0.12/lib/src.zip!/jdk.charsets" type="simple" />
            <root url="jar://$USER_HOME$/.jdks/azul-13.0.12/lib/src.zip!/jdk.compiler" type="simple" />
            <root url="jar://$USER_HOME$/.jdks/azul-13.0.12/lib/src.zip!/jdk.dynalink" type="simple" />
            <root url="jar://$USER_HOME$/.jdks/azul-13.0.12/lib/src.zip!/jdk.jconsole" type="simple" />
            <root url="jar://$USER_HOME$/.jdks/azul-13.0.12/lib/src.zip!/jdk.jsobject" type="simple" />
            <root url="jar://$USER_HOME$/.jdks/azul-13.0.12/lib/src.zip!/java.compiler" type="simple" />
            <root url="jar://$USER_HOME$/.jdks/azul-13.0.12/lib/src.zip!/java.net.http" type="simple" />
            <root url="jar://$USER_HOME$/.jdks/azul-13.0.12/lib/src.zip!/jdk.crypto.ec" type="simple" />
            <root url="jar://$USER_HOME$/.jdks/azul-13.0.12/lib/src.zip!/java.scripting" type="simple" />
            <root url="jar://$USER_HOME$/.jdks/azul-13.0.12/lib/src.zip!/jdk.httpserver" type="simple" />
            <root url="jar://$USER_HOME$/.jdks/azul-13.0.12/lib/src.zip!/jdk.jdwp.agent" type="simple" />
            <root url="jar://$USER_HOME$/.jdks/azul-13.0.12/lib/src.zip!/jdk.localedata" type="simple" />
            <root url="jar://$USER_HOME$/.jdks/azul-13.0.12/lib/src.zip!/jdk.management" type="simple" />
            <root url="jar://$USER_HOME$/.jdks/azul-13.0.12/lib/src.zip!/jdk.naming.dns" type="simple" />
            <root url="jar://$USER_HOME$/.jdks/azul-13.0.12/lib/src.zip!/jdk.naming.rmi" type="simple" />
            <root url="jar://$USER_HOME$/.jdks/azul-13.0.12/lib/src.zip!/java.instrument" type="simple" />
            <root url="jar://$USER_HOME$/.jdks/azul-13.0.12/lib/src.zip!/java.management" type="simple" />
            <root url="jar://$USER_HOME$/.jdks/azul-13.0.12/lib/src.zip!/java.sql.rowset" type="simple" />
            <root url="jar://$USER_HOME$/.jdks/azul-13.0.12/lib/src.zip!/java.xml.crypto" type="simple" />
            <root url="jar://$USER_HOME$/.jdks/azul-13.0.12/lib/src.zip!/jdk.internal.ed" type="simple" />
            <root url="jar://$USER_HOME$/.jdks/azul-13.0.12/lib/src.zip!/jdk.internal.le" type="simple" />
            <root url="jar://$USER_HOME$/.jdks/azul-13.0.12/lib/src.zip!/jdk.unsupported" type="simple" />
            <root url="jar://$USER_HOME$/.jdks/azul-13.0.12/lib/src.zip!/java.smartcardio" type="simple" />
            <root url="jar://$USER_HOME$/.jdks/azul-13.0.12/lib/src.zip!/jdk.internal.opt" type="simple" />
            <root url="jar://$USER_HOME$/.jdks/azul-13.0.12/lib/src.zip!/java.datatransfer" type="simple" />
            <root url="jar://$USER_HOME$/.jdks/azul-13.0.12/lib/src.zip!/jdk.accessibility" type="simple" />
            <root url="jar://$USER_HOME$/.jdks/azul-13.0.12/lib/src.zip!/jdk.crypto.mscapi" type="simple" />
            <root url="jar://$USER_HOME$/.jdks/azul-13.0.12/lib/src.zip!/jdk.hotspot.agent" type="simple" />
            <root url="jar://$USER_HOME$/.jdks/azul-13.0.12/lib/src.zip!/jdk.security.auth" type="simple" />
            <root url="jar://$USER_HOME$/.jdks/azul-13.0.12/lib/src.zip!/jdk.security.jgss" type="simple" />
            <root url="jar://$USER_HOME$/.jdks/azul-13.0.12/lib/src.zip!/java.security.jgss" type="simple" />
            <root url="jar://$USER_HOME$/.jdks/azul-13.0.12/lib/src.zip!/java.security.sasl" type="simple" />
            <root url="jar://$USER_HOME$/.jdks/azul-13.0.12/lib/src.zip!/jdk.internal.vm.ci" type="simple" />
            <root url="jar://$USER_HOME$/.jdks/azul-13.0.12/lib/src.zip!/jdk.management.jfr" type="simple" />
            <root url="jar://$USER_HOME$/.jdks/azul-13.0.12/lib/src.zip!/java.management.rmi" type="simple" />
            <root url="jar://$USER_HOME$/.jdks/azul-13.0.12/lib/src.zip!/java.transaction.xa" type="simple" />
            <root url="jar://$USER_HOME$/.jdks/azul-13.0.12/lib/src.zip!/jdk.crypto.cryptoki" type="simple" />
            <root url="jar://$USER_HOME$/.jdks/azul-13.0.12/lib/src.zip!/jdk.internal.jvmstat" type="simple" />
            <root url="jar://$USER_HOME$/.jdks/azul-13.0.12/lib/src.zip!/jdk.management.agent" type="simple" />
            <root url="jar://$USER_HOME$/.jdks/azul-13.0.12/lib/src.zip!/jdk.scripting.nashorn" type="simple" />
            <root url="jar://$USER_HOME$/.jdks/azul-13.0.12/lib/src.zip!/jdk.unsupported.desktop" type="simple" />
            <root url="jar://$USER_HOME$/.jdks/azul-13.0.12/lib/src.zip!/jdk.internal.vm.compiler" type="simple" />
            <root url="jar://$USER_HOME$/.jdks/azul-13.0.12/lib/src.zip!/jdk.scripting.nashorn.shell" type="simple" />
            <root url="jar://$USER_HOME$/.jdks/azul-13.0.12/lib/src.zip!/jdk.internal.vm.compiler.management" type="simple" />
          </root>
        </sourcePath>
      </roots>
      <additional />
    </jdk>
  </component>
</application>