<application>
  <component name="AppStorage">
    <option name="newTranslationDialogCollapseDictViewer" value="false" />
    <option name="newTranslationDialogHeight" value="656" />
    <option name="newTranslationDialogWidth" value="599" />
    <option name="newTranslationDialogX" value="890" />
    <option name="newTranslationDialogY" value="72" />
    <option name="pinTranslationDialog" value="true" />
    <histories>
      <item value="resolved Guide Percent" />
      <item value="m Filter Redundant Calls" />
      <item value="set Guideline Begin" />
      <item value="伊森" />
      <item value="category" />
      <item value="This tag is not supported in images generated from this vector icon for API &lt; 24; check generated icon to make sure it looks acceptable" />
      <item value="Affinity" />
      <item value="task Affinity" />
      <item value="This is the setup wizard activity, that is the first activity that is displayed when the user sets up the device for the first time." />
      <item value="This is the home activity that is displayed when the device is finished setting up and ready for use." />
      <item value="This is the home activity, that is the first activity that is displayed when the device boots." />
      <item value="Activities that can be safely invoked from a browser must support this category. For example, if the user is viewing a web page or an e-mail and clicks on a link in the text, the Intent generated execute that link will require the BROWSABLE category, so that only activities supporting this category will be considered as possible actions. By supporting this category, you are promising that there is nothing damaging (without user intervention) that can happen by invoking any matching Intent." />
      <item value="Set if the activity should be an option for the default action (center press) to perform on a piece of data. Setting this will hide from the user any activities without it set when performing an action on some data. Note that this is normally -not- set in the Intent when initiating an action -- it is for use in intent filters specified in packages." />
      <item value="Categories for activities that can participate in voice interaction. An activity that supports this category must be prepared to run with no UI shown at all (though in some case it may have a UI shown), and rely on android.app.VoiceInteractor to interact with the user." />
      <item value="Indicates an activity optimized for Leanback mode, and that should be displayed in the Leanback launcher." />
      <item value="LEANBACK LAUNCHER" />
      <item value="Intended to be used as a tab inside of a containing TabActivity." />
      <item value="Category" />
      <item value="EXCLUDE" />
      <item value="FLAG ACTIVITY EXCLUDE FROM RECENTS" />
      <item value="BEGIN Android-changed: Replace unused threadStatus field with started field. Upstream this is modified by the native code and read in the start() and getState() methods but in Android it is unused. The threadStatus is essentially an internal representation of the Thread.State enum. Android uses two sources for that information, the native thread state and the started field. The reason two sources are needed is because the native thread is created when the thread is started and destroyed when the thread is stopped. That means that the native thread state does not exist before the Thread has started (in State.NEW) or after it has been stopped (in State.TERMINATED). In that case (i.e. when the nativePeer = 0) the started field differentiates between the two states, i.e. if started = false then the thread is in State.NEW and if started = true then the thread is in State.TERMINATED. private volatile int threadStatus = 0;" />
      <item value="pipe" />
      <item value="Handler" />
      <item value="Android Framework Binder Identity" />
      <item value="Handle system messages here." />
      <item value="Inserted within the middle of the queue. Usually we don't have to wake up the event queue unless there is a barrier at the head of the queue and the message is the earliest asynchronous message in the queue." />
      <item value="New head, wake up the event queue if blocked." />
      <item value="m Blocked" />
      <item value="need Wake" />
      <item value="Low-level class holding the list of messages to be dispatched by a Looper. Messages are not added directly to a MessageQueue, but rather through Handler objects associated with the Looper." />
      <item value="Enqueue a message into the message queue after all pending messages before the absolute time (in milliseconds) &lt;var&gt;uptimeMillis&lt;var&gt;. &lt;b&gt;The time-base is {@link android.os.SystemClockuptimeMillis}.&lt;b&gt; Time spent in deep sleep will add an additional delay to execution. You will receive it in {@link handleMessage}, in the thread attached to this handler." />
      <item value="Enqueue a message at the front of the message queue, to be processed on the next iteration of the message loop. You will receive it in {@link handleMessage}, in the thread attached to this handler. &lt;b&gt;This method is only for use in very special circumstances -- it can easily starve the message queue, cause ordering problems, or have other unexpected side-effects.&lt;b&gt;" />
      <item value="fold" />
      <item value="raid" />
      <item value="A Handler allows you to send and process Message and Runnable objects associated with a thread's MessageQueue. Each Handler instance is associated with a single thread and that thread's message queue. When you create a new Handler it is bound to a Looper. It will deliver messages and runnables to that Looper's message queue and execute them on that Looper's thread. There are two main uses for a Handler: (1) to schedule messages and runnables to be executed at some point in the future; and (2) to enqueue an action to be performed on a different thread than your own. Scheduling messages is accomplished with the post, postAtTime(Runnable, long), postDelayed, sendEmptyMessage, sendMessage, sendMessageAtTime, and sendMessageDelayed methods. The post versions allow you to enqueue Runnable objects to be called by the message queue when they are received; the sendMessage versions allow you to enqueue a Message object containing a bundle of data that will be processed by the Handler's handleMessage method (requiring that you implement a subclass of Handler). When posting or sending to a Handler, you can either allow the item to be processed as soon as the message queue is ready to do so, or specify a delay before it gets processed or absolute time for it to be processed. The latter two allow you to implement timeouts, ticks, and other timing-based behavior. When a process is created for your application, its main thread is dedicated to running a message queue that takes care of managing the top-level application objects (activities, broadcast receivers, etc) and any windows they create. You can create your own threads, and communicate back with the main application thread through a Handler. This is done by calling the same post or sendMessage methods as before, but from your new thread. The given Runnable or Message will then be scheduled in the Handler's message queue and processed when appropriate." />
      <item value="initialize Mainline Modules" />
      <item value="Forwarding Os" />
      <item value="Install selective syscall interception" />
      <item value="An exception occurred applying plugin request [id: 'android-aspectjx']" />
      <item value="Build was configured to prefer settings repositories over project repositories but repository 'MavenLocal' was added by plugin 'android-aspectjx'" />
      <item value="Aspect" />
      <item value="Pointcut" />
      <item value="&gt; No such property: FD_INTERMEDIATES for class: com.android.builder.model.AndroidProject" />
      <item value="FD INTERMEDIATES" />
      <item value="You can use '--warning-mode all' to show the individual deprecation warnings and determine if they come from your own scripts or plugins." />
      <item value="Deprecated Gradle features were used in this build, making it incompatible with Gradle 8.0." />
      <item value="Top-level build file where you can add configuration options common to all sub-projectsmodules." />
      <item value="because no repositories are defined. Required by: unspecified:unspecified:unspecified" />
      <item value="&gt; Build was configured to prefer settings repositories over project repositories but repository 'MavenLocal' was added by plugin 'com.hujiang.android-aspectjx'" />
      <item value="all buildscript {} blocks must appear before any plugins {} blocks in the script" />
    </histories>
    <option name="languageScores">
      <map>
        <entry key="CHINESE" value="8375" />
        <entry key="ENGLISH" value="8376" />
        <entry key="ARABIC" value="1" />
        <entry key="BULGARIAN" value="3" />
        <entry key="ICELANDIC" value="2" />
        <entry key="POLISH" value="2" />
        <entry key="BOSNIAN" value="1" />
        <entry key="AFRIKAANS" value="2" />
        <entry key="DANISH" value="4" />
        <entry key="GERMAN" value="3" />
        <entry key="RUSSIAN" value="1" />
        <entry key="FRENCH" value="10" />
        <entry key="FILIPINO" value="2" />
        <entry key="FINNISH" value="1" />
        <entry key="DUTCH" value="6" />
        <entry key="CATALAN" value="4" />
        <entry key="CZECH" value="1" />
        <entry key="CORSICAN" value="2" />
        <entry key="CROATIAN" value="1" />
        <entry key="KURDISH" value="2" />
        <entry key="LATIN" value="18" />
        <entry key="LATVIAN" value="1" />
        <entry key="LITHUANIAN" value="1" />
        <entry key="LUXEMBOURGISH" value="4" />
        <entry key="KINYARWANDA" value="2" />
        <entry key="ROMANIAN" value="15" />
        <entry key="MALTESE" value="3" />
        <entry key="MARATHI" value="1" />
        <entry key="MALAY" value="2" />
        <entry key="MAORI" value="3" />
        <entry key="BENGALI" value="3" />
        <entry key="NORWEGIAN" value="7" />
        <entry key="PORTUGUESE" value="4" />
        <entry key="JAPANESE" value="3" />
        <entry key="SWEDISH" value="6" />
        <entry key="SAMOAN" value="1" />
        <entry key="SLOVAK" value="5" />
        <entry key="SLOVENIAN" value="1" />
        <entry key="SOMALI" value="1" />
        <entry key="TAMIL" value="1" />
        <entry key="TURKISH" value="2" />
        <entry key="WELSH" value="3" />
        <entry key="SPANISH" value="6" />
        <entry key="GREEK" value="4" />
        <entry key="HAWAIIAN" value="2" />
        <entry key="IGBO" value="1" />
        <entry key="ITALIAN" value="13" />
        <entry key="INDONESIAN" value="14" />
        <entry key="VIETNAMESE" value="4" />
      </map>
    </option>
  </component>
  <component name="Cache">
    <option name="lastTrimTime" value="1665192594981" />
  </component>
  <component name="Settings">
    <option name="baiduTranslateSettings">
      <app-key>
        <option name="appId" value="20190214000266889" />
      </app-key>
    </option>
    <option name="phoneticFontFamily" value="Fira Mono" />
    <option name="primaryFontFamily" value="Fira Mono" />
    <option name="showActionsInContextMenuOnlyWithSelection" value="false" />
  </component>
</application>