<keymap version="1" name="Default for Windows copy" parent="$default">
  <action id="$ChooseTranslatorAction" />
  <action id="$EditorTranslateAction">
    <keyboard-shortcut first-keystroke="alt f" />
  </action>
  <action id="$TranslateDocumentationAction">
    <keyboard-shortcut first-keystroke="shift ctrl s" />
  </action>
  <action id="ActivateDeviceFileExplorerToolWindow">
    <keyboard-shortcut first-keystroke="shift ctrl alt d" />
  </action>
  <action id="ActivateLogcatToolWindow">
    <keyboard-shortcut first-keystroke="alt 6" />
  </action>
  <action id="ActivateTODOToolWindow" />
  <action id="ActivateleeksToolWindow">
    <keyboard-shortcut first-keystroke="shift ctrl alt z" />
  </action>
  <action id="CIDR.Lang.IntroduceDefine" />
  <action id="CodeCompletion">
    <keyboard-shortcut first-keystroke="alt l" />
  </action>
  <action id="ConsoleView.ClearAll">
    <keyboard-shortcut first-keystroke="ctrl alt q" />
  </action>
  <action id="Diff.ShowDiff" />
  <action id="Diff.ShowStandaloneDiff">
    <keyboard-shortcut first-keystroke="ctrl d" />
  </action>
  <action id="Editor EditorTranslateAction">
    <keyboard-shortcut first-keystroke="alt f" />
  </action>
  <action id="Editor TranslateDocumentationAction">
    <keyboard-shortcut first-keystroke="shift ctrl s" />
  </action>
  <action id="EditorCompleteStatement">
    <keyboard-shortcut first-keystroke="alt semicolon" />
  </action>
  <action id="ExternalJavaDoc">
    <keyboard-shortcut first-keystroke="shift f10" />
  </action>
  <action id="Git.Log.Branches.Change.Branch.Filter">
    <keyboard-shortcut first-keystroke="enter" />
  </action>
  <action id="IntroduceFunctionalVariable">
    <keyboard-shortcut first-keystroke="shift ctrl alt b" />
  </action>
  <action id="RevealIn">
    <keyboard-shortcut first-keystroke="shift alt e" />
  </action>
  <action id="Run">
    <keyboard-shortcut first-keystroke="shift f1" />
  </action>
  <action id="SmartTypeCompletion">
    <keyboard-shortcut first-keystroke="alt p" />
  </action>
  <action id="UpdateRunningApplication" />
  <action id="android.deploy.ApplyChanges">
    <keyboard-shortcut first-keystroke="ctrl f10" />
  </action>
  <action id="android.deploy.CodeSwap">
    <keyboard-shortcut first-keystroke="ctrl alt f10" />
  </action>
  <action id="bootRuntime.main.ChooseBootRuntimeAction">
    <keyboard-shortcut first-keystroke="shift ctrl alt r" />
  </action>
  <action id="hg4idea.QFold" />
  <action id="tasks.close" />
</keymap>