<profile version="1.0">
  <option name="myName" value="Default" />
  <inspection_tool class="AndroidLintLockedOrientationActivity" enabled="false" level="ERROR" enabled_by_default="false" />
  <inspection_tool class="AndroidLintSourceLockedOrientationActivity" enabled="false" level="ERROR" enabled_by_default="false" />
  <inspection_tool class="fcd36335-ac86-4bef-8d30-062d8aae0364_CryptoCipherInsecureAsymmetricCryptographicAlgorithm" enabled="true" level="SENSEI ERROR" enabled_by_default="true" />
  <inspection_tool class="fcd36335-ac86-4bef-8d30-062d8aae0364_CryptoKeyAgreementGuideonApprovedCryptographicAlgorithm" enabled="true" level="SENSEI MARKED INFO" enabled_by_default="true" />
  <inspection_tool class="fcd36335-ac86-4bef-8d30-062d8aae0364_CryptoKeyAgreementInsecureCryptographicAlgorithm" enabled="true" level="SENSEI ERROR" enabled_by_default="true" />
  <inspection_tool class="fcd36335-ac86-4bef-8d30-062d8aae0364_CryptoKeyPairGenerationApprovedStandardCryptographicAlgorithm" enabled="true" level="SENSEI ERROR" enabled_by_default="true" />
  <inspection_tool class="fcd36335-ac86-4bef-8d30-062d8aae0364_CryptoKeyPairGenerationInsecureCryptographicAlgorithm" enabled="true" level="SENSEI ERROR" enabled_by_default="true" />
  <inspection_tool class="fcd36335-ac86-4bef-8d30-062d8aae0364_CryptoKeyPairGenerationNonStandardCryptographicAlgorithm" enabled="true" level="SENSEI ERROR" enabled_by_default="true" />
  <inspection_tool class="fcd36335-ac86-4bef-8d30-062d8aae0364_CryptoSignatureApprovedHashingAlgorithm" enabled="true" level="SENSEI MARKED INFO" enabled_by_default="true" />
  <inspection_tool class="fcd36335-ac86-4bef-8d30-062d8aae0364_CryptoSignatureInsecureHashingAlgorithm" enabled="true" level="SENSEI ERROR" enabled_by_default="true" />
  <inspection_tool class="fcd36335-ac86-4bef-8d30-062d8aae0364_CryptoSignatureNonStandardHashingAlgorithm" enabled="true" level="SENSEI WARNING" enabled_by_default="true" />
  <inspection_tool class="fcd36335-ac86-4bef-8d30-062d8aae0364_DataInjectionParameterizeLDAPFiltersDirContextsearch" enabled="true" level="SENSEI ERROR" enabled_by_default="true" />
  <inspection_tool class="fcd36335-ac86-4bef-8d30-062d8aae0364_DataProtection-CryptographyAvoidbruteforcingUsesufficientlylongkeysizeskeyGenerator" enabled="true" level="SENSEI ERROR" enabled_by_default="true" />
  <inspection_tool class="fcd36335-ac86-4bef-8d30-062d8aae0364_DataProtection-CryptographyAvoidcryptographicweaknessUseappropriatekeypairgenerationalgorithminsecure" enabled="true" level="SENSEI ERROR" enabled_by_default="true" />
  <inspection_tool class="fcd36335-ac86-4bef-8d30-062d8aae0364_DataProtection-CryptographyAvoidcryptographicweaknessUseappropriatekeypairgenerationalgorithmnotrecommended" enabled="true" level="SENSEI ERROR" enabled_by_default="true" />
  <inspection_tool class="fcd36335-ac86-4bef-8d30-062d8aae0364_DataProtection-CryptographyAvoidcryptographicweaknessUseappropriatesecretkeygenerationalgorithmDESfamily" enabled="true" level="SENSEI ERROR" enabled_by_default="true" />
  <inspection_tool class="fcd36335-ac86-4bef-8d30-062d8aae0364_DataProtection-CryptographyAvoidcryptographicweaknessUseappropriatesecretkeygenerationalgorithmHmacfamily" enabled="true" level="SENSEI WARNING" enabled_by_default="true" />
  <inspection_tool class="fcd36335-ac86-4bef-8d30-062d8aae0364_DataProtection-CryptographyAvoidcryptographicweaknessUseappropriatesecretkeygenerationalgorithmHmacfamily1" enabled="true" level="SENSEI WARNING" enabled_by_default="true" />
  <inspection_tool class="fcd36335-ac86-4bef-8d30-062d8aae0364_DataProtection-CryptographyAvoidcryptographicweaknessUseappropriatesecretkeygenerationalgorithmOtheralgorithms" enabled="true" level="SENSEI MARKED INFO" enabled_by_default="true" />
  <inspection_tool class="fcd36335-ac86-4bef-8d30-062d8aae0364_DataProtection-CryptographyAvoidcryptographicweaknessUseappropriatesecretkeygenerationalgorithminsecureSecretKeyFactory" enabled="true" level="SENSEI ERROR" enabled_by_default="true" />
  <inspection_tool class="fcd36335-ac86-4bef-8d30-062d8aae0364_DataProtection-CryptographyAvoidcryptographicweaknessUseappropriatesecretkeygenerationalgorithmnotrecommendedSecretKeyFactory" enabled="true" level="SENSEI ERROR" enabled_by_default="true" />
  <inspection_tool class="fcd36335-ac86-4bef-8d30-062d8aae0364_DataProtection-CryptographyAvoidcryptographicweaknessUseappropriatesecretkeygenerationalgorithmotherSecretKeyFactory" enabled="true" level="SENSEI ERROR" enabled_by_default="true" />
  <inspection_tool class="fcd36335-ac86-4bef-8d30-062d8aae0364_DataProtection-CryptographyAvoidcryptographicweaknessUsestrongsymmetriccryptographicalgorithm" enabled="true" level="SENSEI ERROR" enabled_by_default="true" />
  <inspection_tool class="fcd36335-ac86-4bef-8d30-062d8aae0364_DataProtection-CryptographyAvoidcryptographicweaknessUsesufficientlylongkeysizeskeyGeneratorbadvalue" enabled="true" level="SENSEI ERROR" enabled_by_default="true" />
  <inspection_tool class="fcd36335-ac86-4bef-8d30-062d8aae0364_DataProtection-CryptographyAvoidcryptographicweaknessUsesufficientlylongkeysizeskeyPairGenerator" enabled="true" level="SENSEI ERROR" enabled_by_default="true" />
  <inspection_tool class="fcd36335-ac86-4bef-8d30-062d8aae0364_DataProtection-CryptographyAvoidcryptographicweaknessUsesufficientlylongkeysizeskeyPairGeneratorbadvalue" enabled="true" level="SENSEI ERROR" enabled_by_default="true" />
  <inspection_tool class="fcd36335-ac86-4bef-8d30-062d8aae0364_DataProtection-SecureDataStorageAvoiddataexposureUseCipherinsteadofNullCipher" enabled="true" level="SENSEI ERROR" enabled_by_default="true" />
  <inspection_tool class="fcd36335-ac86-4bef-8d30-062d8aae0364_InjectionAvoidCodeInjectionUseSafeConstructor1stargumentoftypeConstructor" enabled="true" level="SENSEI ERROR" enabled_by_default="true" />
  <inspection_tool class="fcd36335-ac86-4bef-8d30-062d8aae0364_InjectionAvoidCodeInjectionUseSafeConstructorargumentsbutnoConstructorargument" enabled="true" level="SENSEI ERROR" enabled_by_default="true" />
  <inspection_tool class="fcd36335-ac86-4bef-8d30-062d8aae0364_InjectionAvoidCodeInjectionUseSafeConstructornoarguments" enabled="true" level="SENSEI ERROR" enabled_by_default="true" />
  <inspection_tool class="fcd36335-ac86-4bef-8d30-062d8aae0364_InjectionAvoidSQLInjectionUseParameterizedQueriesPreparedStatement" enabled="true" level="SENSEI ERROR" enabled_by_default="true" />
  <inspection_tool class="fcd36335-ac86-4bef-8d30-062d8aae0364_InjectionAvoidSQLInjectionUseParameterizedQueriesStatement" enabled="true" level="SENSEI ERROR" enabled_by_default="true" />
  <inspection_tool class="fcd36335-ac86-4bef-8d30-062d8aae0364_InjectionAvoidXMLInjectionUsesetFeature" enabled="true" level="SENSEI ERROR" enabled_by_default="true" />
  <inspection_tool class="fcd36335-ac86-4bef-8d30-062d8aae0364_InjectionAvoidXMLInjectionUsesetSchema" enabled="true" level="SENSEI ERROR" enabled_by_default="true" />
  <inspection_tool class="fcd36335-ac86-4bef-8d30-062d8aae0364_InjectionAvoidXMLInjectionsetFeaturewithbadvalue" enabled="true" level="SENSEI ERROR" enabled_by_default="true" />
  <inspection_tool class="fcd36335-ac86-4bef-8d30-062d8aae0364_InputValidationAvoidXXEDonotsetDocumentBuilderFactoryexternal-parameter-entitiestotrue" enabled="true" level="SENSEI ERROR" enabled_by_default="true" />
  <inspection_tool class="fcd36335-ac86-4bef-8d30-062d8aae0364_InputValidationAvoidXXEDonotsetDocumentBuilderFactoryload-external-dtdtotrue" enabled="true" level="SENSEI ERROR" enabled_by_default="true" />
  <inspection_tool class="fcd36335-ac86-4bef-8d30-062d8aae0364_InputValidationAvoidXXEDonotsetDocumentBuilderFactorysetExpandEntityReferencestotrue" enabled="true" level="SENSEI ERROR" enabled_by_default="true" />
  <inspection_tool class="fcd36335-ac86-4bef-8d30-062d8aae0364_InputValidationAvoidXXEDonotsetDocumentBuilderFactorysetXIncludeAwaretotrue" enabled="true" level="SENSEI ERROR" enabled_by_default="true" />
  <inspection_tool class="fcd36335-ac86-4bef-8d30-062d8aae0364_InputValidationAvoidXXEDonotsetXMLInputFactoryPropertytotrue" enabled="true" level="SENSEI ERROR" enabled_by_default="true" />
  <inspection_tool class="fcd36335-ac86-4bef-8d30-062d8aae0364_PortabilityFlawAvoidlocaledependentcomparisonsequalsaftercaseconversion" enabled="true" level="SENSEI ERROR" enabled_by_default="true" />
  <inspection_tool class="fcd36335-ac86-4bef-8d30-062d8aae0364_TLSWeakEncryptionInsecureVersion" enabled="true" level="SENSEI ERROR" enabled_by_default="true" />
  <inspection_tool class="fcd36335-ac86-4bef-8d30-062d8aae0364_TLSWeakEncryptionOutdatedVersion" enabled="true" level="SENSEI WARNING" enabled_by_default="true" />
  <inspection_tool class="fcd36335-ac86-4bef-8d30-062d8aae0364_XMLExternalEntitiesDocumentBuilderFactorysetExpandEntityReferencestofalse" enabled="true" level="SENSEI ERROR" enabled_by_default="true" />
  <inspection_tool class="fcd36335-ac86-4bef-8d30-062d8aae0364_XMLExternalEntitiesDocumentBuilderFactorysetFeaturedissallow-doctype-decl" enabled="true" level="SENSEI ERROR" enabled_by_default="true" />
  <inspection_tool class="fcd36335-ac86-4bef-8d30-062d8aae0364_XMLExternalEntitiesDocumentBuilderFactorysetFeaturedissallow-doctype-declwrongboolean" enabled="true" level="SENSEI ERROR" enabled_by_default="true" />
  <inspection_tool class="fcd36335-ac86-4bef-8d30-062d8aae0364_XMLExternalEntitiesDocumentBuilderFactorysetFeatureexternal-parameter-entitiesshouldbesetfirst" enabled="true" level="SENSEI ERROR" enabled_by_default="true" />
  <inspection_tool class="fcd36335-ac86-4bef-8d30-062d8aae0364_XMLExternalEntitiesDocumentBuilderFactorysetFeatureload-external-dtd" enabled="true" level="SENSEI ERROR" enabled_by_default="true" />
  <inspection_tool class="fcd36335-ac86-4bef-8d30-062d8aae0364_XMLExternalEntitiesDocumentBuilderFactorysetXIncludeAware" enabled="true" level="SENSEI ERROR" enabled_by_default="true" />
  <inspection_tool class="fcd36335-ac86-4bef-8d30-062d8aae0364_XMLExternalEntitiesXMLInputFactory.IS_SUPPORTING_EXTERNAL_ENTITIES" enabled="true" level="SENSEI ERROR" enabled_by_default="true" />
  <inspection_tool class="fcd36335-ac86-4bef-8d30-062d8aae0364_XMLExternalEntitiesXMLInputFactory.SUPPORT_DTD" enabled="true" level="SENSEI ERROR" enabled_by_default="true" />
</profile>